no,level,salary,huyou,jukyo,tsukin,nichgakutokukin,jikangai,yakan,kanri,kanritokukin,bonus,shoteate,jinkenhi
1,5,393216,0,15300,9800,13300,3928,0,0,0,1325158,689925,8171479
2,5,401678,0,18100,8590,0,97889,0,0,0,1348159,701900,8943555
3,5,400556,0,30100,9800,0,14292,0,0,0,1346493,701032,8081293
4,7,403931,14000,15300,12200,0,0,0,73737,0,1473977,746557,9158538
5,7,401183,0,15300,13113,0,0,0,73737,0,1427942,744081,8895899
6,5,399558,14000,15300,21731,0,0,0,0,0,1386112,700166,8088858
7,5,401117,0,18100,9963,0,0,0,0,0,1347326,701466,7776560
8,5,400057,14000,15300,14160,3610,10707,13566,0,0,1386945,700600,8340577
9,5,401117,26800,15300,9251,0,0,0,0,0,1426352,701466,8173634
10,5,388715,0,30100,0,1800,0,0,0,0,1307104,680525,7594749
11,5,392766,0,18100,5000,2780,0,0,0,0,1314071,684152,7587547
12,5,398852,0,0,3780,3600,389113,0,0,0,1337621,696413,12152518
13,7,395626,7800,15300,20951,0,0,0,73737,0,1422939,729490,9000505
14,7,398215,14000,18100,0,0,0,0,73737,0,1451695,734948,8935023
15,5,382509,0,30100,7400,1800,0,0,0,0,1271101,661781,7545402
16,5,396857,0,18100,5000,4100,10620,9204,0,0,1334294,694681,8431647
17,5,396857,14000,15300,20855,3610,14868,7788,0,0,1375576,694681,8891729
18,5,397854,0,0,7400,2900,10647,7100,0,0,1335956,695546,7715218
19,5,392506,0,15300,5000,14000,36410,0,0,0,1319301,686875,8493040
20,5,396358,26800,30100,5000,3570,10608,9898,0,0,1412696,694356,8504396
21,5,396993,0,0,10063,2700,53824,0,0,0,1327714,691256,8153598
22,8,416444,11200,0,9800,0,0,0,78322,0,1496896,762805,9177461
23,5,396993,0,0,2900,0,0,0,0,0,1365458,691256,7427098
24,6,404954,0,18100,2900,0,15312,0,0,0,1348141,701956,7928417
25,6,403463,0,15300,4536,0,0,0,0,0,1345001,700320,7705889
26,6,402065,7800,0,15389,0,64133,0,0,0,1360865,696604,8520309
27,7,394948,12800,18100,3780,0,0,0,73737,0,1430517,725756,8889989
28,6,401176,14000,15300,12306,0,46527,0,0,0,1420395,698429,8588384
29,6,400120,21800,15300,13239,0,15561,0,0,0,1403784,697457,8301041
30,8,417161,14000,15300,26694,0,0,0,78322,0,1507942,764259,9623569
31,5,394500,39600,15300,5000,7520,27027,7744,0,0,1477498,689253,8980207
32,6,401845,14000,15300,6960,3290,14340,7887,0,0,1392313,703460,8769153
33,7,393514,0,15300,16931,300,0,0,73737,12000,1364764,710610,8889598
34,5,395505,0,0,2900,0,144648,0,0,0,1314458,684354,9084968
35,5,394757,0,18100,7266,0,81006,0,0,0,1311963,683055,8577006
36,5,391765,26800,18100,5000,0,67374,0,0,0,1381944,678345,8771481
37,6,400120,0,18100,5000,0,32975,0,0,0,1334294,694681,8079483
38,5,397854,0,0,10580,0,31941,0,0,0,1335956,695546,7888906
39,6,400120,0,18100,5000,0,32975,0,0,0,1339501,697457,8087466
40,5,397854,0,15300,14481,0,28392,0,0,0,1335956,695546,8076730
41,5,386514,0,15300,7400,14000,0,0,0,0,1296163,674829,7606132
42,5,387406,0,15300,18382,0,0,0,0,0,1304607,679225,7594744
43,5,391765,14000,18100,2900,0,45435,0,0,0,1344200,678345,8273237
44,5,395497,0,15300,5000,0,54614,0,0,0,1325219,689956,8229615
45,5,394126,0,0,19169,0,21096,0,0,0,1323142,688875,7792249
46,5,395497,0,0,2900,0,61670,0,0,0,1325219,689956,8105487
47,6,398803,0,18100,0,0,54222,0,0,0,1330442,692740,8250954
48,5,395996,0,18100,11116,0,29110,0,0,0,1326054,690391,8038537
49,5,399060,0,0,11944,0,40016,0,0,0,1343997,699733,8030614
50,7,393049,11200,15300,23124,0,0,0,73737,8000,1413693,719449,9114346
51,6,398205,34600,15300,21851,0,3552,0,0,0,1408535,692253,8406116
52,6,399560,0,15300,13638,0,35640,0,0,0,1338565,696970,8180555
53,5,389702,14000,30100,5000,14700,26422,0,0,0,1356216,684601,8741713
54,5,394500,0,18100,0,0,30118,0,0,0,1323868,689253,7893817
55,5,399558,0,30100,11040,3900,14256,9982,0,0,1344830,700166,8477380
56,5,393261,0,0,8550,0,35920,0,0,0,1306971,680455,7806490
57,6,397964,0,18100,5000,0,78952,0,0,0,1305101,679483,8557836
58,5,393261,16200,15300,9406,0,122780,0,0,0,1354741,680455,9308180
59,5,389600,14000,15300,21588,9000,0,0,0,0,1355385,684169,8014594
60,5,378208,0,0,7400,19260,41164,0,0,0,1250826,651225,8148867
61,5,383257,0,15300,9800,14000,3828,0,0,0,1273596,663079,7957207
62,5,379049,0,0,2900,1800,0,0,0,0,1253633,652687,7057128
63,5,393690,14000,15300,2900,3820,10536,10530,0,0,1364424,590378,8451854
64,7,398427,14000,15300,9800,0,0,0,73737,4000,1455470,736914,9075608
65,5,396857,14000,15300,9800,0,14160,0,0,0,1375576,694681,8063285
66,5,396857,0,15300,5000,2490,10620,4956,0,0,1334294,694681,7823115
67,5,390550,14000,15300,7400,3150,14633,10455,0,0,1335153,673635,8282976
68,5,398062,14000,18100,2900,1840,10653,6390,0,0,1383617,698867,8651428
69,5,394500,0,18100,2900,3530,21114,9856,0,0,1323868,689253,8118037
70,5,389895,0,0,7400,3380,17390,11832,0,0,1291376,672337,7683921
71,7,399763,26800,15300,9800,0,0,0,74860,12000,1515537,728879,9428732
72,5,384005,26800,18100,2900,10000,18500,0,0,0,1355119,664379,8134710
73,5,389600,14000,15300,21588,8000,18770,0,0,0,1355385,684169,8227834
74,7,393049,14000,18100,8550,0,0,0,73737,0,1421950,719449,8922947
75,8,417878,0,15300,5000,0,0,0,88334,0,1266875,1012015,9325974
76,8,419222,0,18100,3780,0,0,0,88334,0,1473790,767974,9325856
77,6,405449,26800,18100,2900,0,10851,0,0,0,1436286,706703,8334617
78,8,418595,14000,18100,8590,0,0,0,88334,0,1512593,766682,9600835
79,8,413396,0,18100,5000,0,0,0,88334,0,1358315,870416,9249175
80,7,393992,34600,15300,8550,0,0,0,73737,0,1467518,710989,9215991
81,6,401226,11200,18100,0,0,14316,0,0,0,1364401,693226,7989623
82,7,396522,12800,15300,7400,0,0,0,73737,0,1439336,730351,8934387
83,8,414203,14000,0,7400,0,0,0,78322,0,1496472,758282,9151238
84,6,404428,26800,15300,15625,0,92354,0,0,0,1469801,704501,9449350
85,8,413396,0,15300,5040,0,0,0,88334,0,1251665,999867,9238856
86,5,396993,0,0,0,2700,79892,0,0,0,1327714,691256,8345658
87,8,421643,14000,15300,16229,0,0,0,78322,0,1522512,771850,9580390
88,5,390550,14000,15300,9800,5650,32750,5576,0,0,1339833,676071,8281968
89,8,418782,39600,18100,10580,240,0,0,79515,0,1526399,734539,9837306
90,6,400388,0,0,14544,0,0,0,0,0,1332570,693848,7582154
91,8,420836,14000,18100,3780,0,0,0,88334,0,1310075,1018623,9622646
92,8,415816,14000,15300,7400,0,0,0,78322,0,1502362,761351,9365481
93,8,420029,26800,18100,13743,0,0,0,88334,6000,1340140,1017131,10003971
94,6,402730,14000,18100,5000,0,31040,0,0,0,1385348,699833,8335705
95,6,401226,14000,18100,8976,0,50106,0,0,0,1376344,695146,8578310
96,5,398353,0,18100,11903,440,148270,0,0,0,1336788,695980,9531184
97,6,400120,14000,15300,3780,3600,42828,0,0,0,1380784,697457,8430105
98,8,415816,39600,18100,0,0,0,0,78322,45000,1577850,761351,10269833
99,5,396993,0,18100,7056,0,0,0,0,0,1327714,691256,7656426
100,8,409004,14000,18100,2900,0,0,0,78322,0,1424000,720517,9134325
101,6,402065,26800,15300,5040,0,7174,0,0,0,1416891,696604,8207599
102,8,417161,14000,15300,14826,0,0,0,78322,0,1507942,764259,9481153
103,6,396287,12800,18100,0,2700,291711,0,0,0,1354119,685415,11287790
104,5,392513,0,0,8154,0,0,0,0,0,1300734,677209,7351159
105,5,391204,12800,0,12200,0,0,0,0,0,1338478,677209,7591895
106,6,403463,14000,18100,2900,2700,68814,0,0,0,1416891,696604,8834359
107,7,395367,14000,15300,14826,0,0,0,73737,0,1434882,726187,9015481
108,6,406184,14000,18100,6680,0,29276,0,0,0,1406046,710610,8412600
109,7,399035,12800,15300,15726,0,0,0,74860,0,1433679,727404,9074571
110,5,386342,28100,18100,2900,0,38458,0,0,0,1362383,666166,8312145
111,8,425862,0,15300,5040,0,0,0,88334,0,1301781,1039895,9496532
112,8,422832,14000,15300,14291,0,0,0,88334,6000,1322760,1028755,9836827
113,5,376525,14000,15300,12809,0,23513,0,0,0,1286494,648302,7802916
114,5,385706,0,18100,5000,13300,0,0,0,0,1302113,542341,7465134
115,5,391894,15600,15300,2900,0,24472,0,0,0,1358612,683392,8030784
116,5,376525,12800,18100,2900,2050,0,0,0,0,1282955,648302,7440385
117,7,391901,14000,15300,12200,150,0,0,73737,4000,1403245,709152,8938525
118,8,417878,14000,18100,7515,0,0,0,88334,0,1301801,1012015,9612840
119,7,399035,14000,15300,5000,0,0,0,74860,0,1474962,727404,9003270
120,6,396287,26800,0,2900,6660,10605,10605,0,0,1418660,677810,8747602
121,5,387838,0,0,3780,0,52731,0,0,0,1284513,668764,7843945
122,6,405687,14000,15300,24155,7000,3619,0,0,0,1442857,710125,8394458
123,8,415816,14000,18100,11903,0,0,0,78322,0,1502362,761351,9453117
124,6,404951,26800,15300,12306,0,39445,0,0,0,1435555,706323,8749222
125,8,414203,14000,18100,2900,0,0,0,78322,0,1461354,739980,9261018
126,5,395497,0,30100,5040,0,77616,0,0,0,1325219,689956,8683719
127,8,417161,12800,18100,5000,0,0,0,88334,0,1296939,1010523,9550530
128,5,395497,14000,15300,21346,0,21168,0,0,0,1366502,689956,8253858
129,7,398136,14000,15300,5543,0,0,0,73737,0,1445355,731644,8957239
130,6,403574,14000,30100,10020,0,3888,0,0,0,1401481,708233,8249994
131,7,393766,14000,15300,10020,0,0,0,73737,0,1425051,721065,8921352
132,6,396287,14000,15300,9800,3130,10605,8484,0,0,1362018,687685,8269231
133,5,389241,0,0,2900,0,45968,0,0,0,1293870,673635,7785309
134,6,395262,0,18100,5000,0,35260,0,0,0,1310770,682497,8005903
135,5,391204,0,0,7400,0,43552,0,0,0,1296367,674935,7840502
136,7,398427,14000,15300,12306,0,0,0,73737,0,1440241,728979,9034516
137,5,378208,0,15300,2900,8500,14576,0,0,0,1250826,651225,7480467
138,5,394126,26800,15300,7400,3360,14064,7733,0,0,1402168,688875,8322571
139,7,395850,26800,15300,7400,1380,0,0,74860,4000,1464258,721828,9209578
140,5,394126,14000,18100,0,4700,17580,11248,0,0,1364424,688875,8659251
141,5,392513,21800,18100,7400,4400,14708,10500,0,0,1369384,679483,8823131
142,6,394609,14000,15300,24480,3190,10560,7040,0,0,1386683,680876,8787967
143,5,384285,34600,30100,5000,4440,10284,8232,0,0,1358384,661781,8479921
144,8,418595,54600,18100,5000,0,0,0,88334,0,1392750,1013720,10230614
145,7,397237,14000,18100,8550,0,0,0,64379,0,1479269,729641,8920978
146,8,411335,0,18100,2900,0,0,0,78322,0,1443099,751982,9028061
147,6,397964,26800,15300,7400,0,0,0,0,0,1403187,689470,8073877
148,5,393639,38100,18100,0,0,7024,0,0,0,1427872,684909,8216833
149,5,393253,21800,18100,13613,2700,196448,0,0,0,1374982,688118,10411740
150,7,394483,0,15300,23844,0,0,0,73737,0,1386248,722357,8871205
151,5,393639,0,15300,14106,0,108872,0,0,0,1315525,684909,8950270
152,6,397646,0,18100,2900,0,24829,0,0,0,1329093,692038,7915435
153,5,388586,21800,15300,5000,0,35498,0,0,0,1351292,670063,8206515
154,7,388479,21800,15300,2900,3000,0,0,74860,0,1361350,675362,8811372
155,6,393957,26800,18100,12330,0,53144,0,0,0,1383567,679253,8720672
156,8,418782,39600,15300,17848,0,0,0,79515,5000,1577006,760911,10025021
157,6,401176,0,15300,5000,0,0,0,0,0,1341368,698429,7675201
158,8,413396,39600,18100,9833,0,0,0,78322,0,1590046,756182,9822324
159,7,393049,14000,15300,16491,0,0,0,73737,0,1424000,720517,8987757
160,6,397646,26800,18100,8590,0,0,0,0,0,1408119,692038,8124985
161,8,420029,14000,15300,19961,0,0,0,78322,0,1517553,769267,9595936
162,6,402294,0,15300,5040,0,19381,0,0,0,1343133,699348,7925961
163,5,394126,7800,15300,12200,5280,18283,11248,0,0,1346142,688875,8184633
164,5,391765,52100,15300,9800,2700,10485,7689,0,0,1427060,678345,8622629
165,6,401048,14000,18100,0,2840,17890,7876,0,0,1384599,699444,8222751
166,5,389241,0,0,8590,0,30000,0,0,0,1288881,671038,7654387
167,5,386908,14000,15300,9800,9500,0,0,0,0,1345058,678793,7827243
168,5,399558,14000,30100,9800,2000,10692,7843,0,0,1386112,700166,8877906
169,6,398205,14000,18100,2900,0,65212,0,0,0,1370791,692253,8637616
170,5,392330,14000,15300,9800,0,38500,0,0,0,1354626,683774,8262668
171,6,395968,14000,15300,7400,3420,10596,7060,0,0,1362135,687683,8085098
172,5,386342,14000,15300,9800,3610,10338,12402,0,0,1320805,666166,8520935
173,5,381761,14000,15300,23605,9500,0,0,0,0,1309888,660481,7870253
174,5,380265,39600,30100,5000,15400,0,0,0,0,1385376,660481,8646577
175,5,379049,21800,15300,5000,14000,3788,0,0,0,1323218,655447,8173713
176,4,374327,42100,15300,7400,11700,65444,0,0,0,1311873,618053,9071006
177,5,382445,14000,15300,9800,13300,22110,0,0,0,1323080,667350,8398526
178,6,398337,14000,15300,7400,10500,73340,0,0,0,1360150,686713,9189539
179,5,379049,14000,18100,2900,0,10685,0,0,0,1294916,652687,7610391
180,5,387838,0,0,13613,0,13840,0,0,0,1284513,668764,7495249
181,5,387838,0,0,2900,0,31972,0,0,0,1284513,668764,7584277
182,5,386342,0,15300,5000,0,31842,0,0,0,1279523,666166,7763829
183,5,387090,0,0,2900,0,13812,0,0,0,1282017,667464,7352505
184,5,386342,11200,18100,0,0,28396,0,0,0,1312549,666166,7879631
185,5,387090,0,0,5000,0,13812,0,0,0,1282017,667464,7377705
186,5,388586,0,18100,5000,0,38962,0,0,0,1287009,670063,7924408
187,8,414203,14000,18100,2900,0,0,0,78322,0,1496472,758282,9314438
188,7,391436,0,18100,2900,0,0,0,73737,0,1375398,716703,8596017
189,7,389912,12800,15300,4031,0,0,0,73737,0,1408440,714253,8758129
190,6,399549,0,15300,19803,0,0,0,0,0,1361905,689470,7842539
191,6,393211,39600,15300,15534,0,0,0,0,0,1418821,677957,8283762
192,7,388516,0,18100,0,0,0,0,73737,0,1343317,699444,8472637
193,4,369852,0,15300,12200,14000,0,0,0,0,1172219,609982,7593057
194,6,395914,25600,15300,5000,0,0,0,0,0,1394044,686551,7989335
195,7,393766,14000,15300,7400,0,0,0,73737,0,1445715,731831,8921342
196,6,397964,25600,18100,2900,0,0,0,0,0,1399649,689470,8033811
197,8,410169,26800,18100,8976,0,0,0,78322,0,1526955,733976,9511343
198,7,391937,14000,0,2900,0,0,0,74860,0,1418019,641228,8555951
199,6,388924,26800,15300,15683,0,617238,0,0,0,1368308,671309,15405589
200,5,382696,42100,18100,8590,660,93132,0,0,0,1390253,659183,9204472
201,5,387090,0,0,2900,0,59112,0,0,0,1282017,667464,7896105
202,5,374094,26800,15300,36199,15760,21087,0,0,0,1353871,644079,8792098
203,5,371663,34600,18100,5000,1800,0,0,0,0,1331017,639856,7729841
204,8,424869,14000,18100,8590,0,0,0,88334,0,1340729,1043108,9789709
205,8,416416,25600,15300,5000,0,0,0,79515,0,1474255,728879,9456102
206,5,390723,0,0,9833,0,0,0,0,0,1301058,677377,7347739
207,8,419222,39600,18100,6800,0,0,0,88334,0,1644394,776818,10073768
208,7,398307,14000,15300,5040,0,0,0,74860,0,1432545,724915,8949064
209,8,417599,14000,18100,0,0,0,0,79515,0,1465445,741175,9293184
210,7,390718,12800,18100,3780,3000,0,0,73737,0,1430844,725927,8869631
211,8,422786,14000,15300,4536,0,0,0,79515,0,1521345,771242,9469703
212,8,425607,20600,0,5000,0,0,0,89680,0,1337145,1027094,9626555
213,8,407749,26800,18100,5000,0,0,0,78322,0,1508485,744876,9423529
214,7,387671,14000,18100,2900,0,0,0,73737,0,1441093,709756,8792321
215,8,424242,14000,15300,9800,0,0,0,79515,0,1527011,774194,9561049
216,5,391204,26800,15300,8839,0,6980,0,0,0,1375393,674935,8041724
217,7,401128,14000,18100,0,0,0,0,74860,0,1483459,731831,9017922
218,5,389895,39600,15300,13239,0,25182,0,0,0,1449997,674935,8541992
219,8,420511,0,18100,8550,0,0,0,79515,0,1468732,765338,9274218
220,6,397964,26800,18100,8550,0,14200,0,0,0,1399762,687685,8286467
221,6,396287,12800,18100,2900,0,53452,0,0,0,1339376,685415,8416339
222,5,385781,0,0,2900,0,6882,0,0,0,1276716,664704,7243692
223,5,385781,14000,18100,9833,0,55755,0,0,0,1276716,664704,8318724
224,4,375564,0,30100,3780,0,84688,0,0,0,1191380,619953,8281721
225,4,372899,0,0,7400,0,0,0,0,0,953104,0,6053656
226,7,390299,25600,18100,5000,0,0,0,74860,0,1439318,710676,9022994
227,5,385781,0,15300,2900,3600,62768,0,0,0,1276716,664704,8141124
228,5,386342,11200,30100,5000,0,13784,0,0,0,1312549,666166,7908287
229,5,384285,0,0,9825,0,34280,0,0,0,1271101,661781,7626930
230,5,383537,0,15300,5000,0,6842,0,0,0,1268294,660319,7409049
231,5,380265,39600,0,2900,0,0,0,0,0,1381319,658369,7717464
232,8,410169,14000,15300,17988,0,0,0,78322,0,1480042,749721,9382687
233,4,375564,26800,18100,5000,2900,10050,6700,0,0,1270407,619953,7811124
234,6,398636,26800,15300,7400,4000,10668,8532,0,0,1411414,693753,8512099
235,6,388178,47100,18100,5520,13820,22162,12474,0,0,1426803,670598,8812445
236,6,401608,14000,15300,9800,2480,10749,7887,0,0,1383664,698957,8222973
237,4,372423,14000,15300,7400,12500,38138,0,0,0,1222930,614887,8255837
238,5,384520,0,30100,12200,0,13720,0,0,0,1292835,673096,7806115
239,5,385033,26800,15300,9800,3380,10305,11679,0,0,1352934,663241,8379367
240,6,389670,12800,15300,7400,2690,10428,6950,0,0,1329828,672767,7925003
241,5,383537,26800,15300,9800,4670,14369,7524,0,0,1352934,663241,8151055
242,5,384021,14000,15300,7400,13300,0,0,0,0,1333598,672825,8143019
243,5,384021,14000,15300,16032,0,10826,0,0,0,1333598,672825,7861715
244,6,389204,11200,30100,7400,11200,52774,0,0,0,1318572,669363,8947047
245,5,380171,33100,18100,5000,18600,33235,10170,0,0,1378343,655285,8609244
246,5,379517,21800,15300,9800,13300,0,0,0,0,1326026,656909,8188411
247,5,380265,14000,15300,9800,14000,21984,0,0,0,1305831,658369,8347864
248,5,382445,11200,18100,8550,0,51590,0,0,0,1314824,667350,8211638
249,5,387838,26800,15300,7515,0,13840,0,0,0,1322257,668764,8003609
250,4,369948,29600,15300,7400,3480,9900,7260,0,0,1264366,553576,7707938
251,7,404495,26800,18100,2900,0,0,0,74860,8000,1493214,736914,9380844
252,6,385010,0,15300,5000,10760,13740,8931,0,0,1313947,664499,8287338
253,6,384171,39600,15300,5000,2700,10281,6165,0,0,1375738,663201,8341003
254,5,388586,29600,18100,5000,4380,13864,9009,0,0,1374292,670063,8763215
255,4,372899,49600,15300,5000,3380,16635,10640,0,0,1328210,615047,8707369
256,5,379517,42100,15300,5000,2720,10158,7447,0,0,1379335,653498,8186865
257,7,398307,0,18100,5000,0,0,0,74860,12000,1393100,725927,8899591
258,6,385010,26800,15300,9800,2000,13740,6870,0,0,1355229,664499,8260496
259,5,380171,26800,15300,8616,2300,10173,7458,0,0,1375394,655285,8026527
260,6,385010,12800,15300,9800,2300,20610,6870,0,0,1313947,664499,7983570
261,7,392756,14000,18100,5000,0,0,0,74860,0,1395402,685415,8830925
262,8,424970,14000,18100,5000,0,0,0,79515,0,1529843,775670,9551149
263,6,396287,34600,18100,5000,0,92620,0,0,0,1418402,685415,9283573
264,5,391765,14000,15300,19169,0,13980,0,0,0,1339833,676071,8050764
265,6,397126,39600,18100,8976,0,71279,0,0,0,1438029,687958,9175843
266,5,389241,34600,18100,2900,0,38192,0,0,0,1390908,671038,8468662
267,5,384285,11200,0,0,0,0,0,0,0,1052035,0,6367351
268,6,397126,0,18100,3780,0,58670,0,0,0,1318556,686551,8309079
269,8,419692,19000,15300,14322,0,0,0,79515,0,1520667,763207,9604030
270,6,397126,34600,15300,13113,0,175162,0,0,0,1420583,686551,10352430
271,5,387090,0,18100,9833,0,0,0,0,0,1282017,667464,7487157
272,5,388586,34600,15300,2900,0,57266,0,0,0,1374292,670063,8637563
273,6,385010,0,0,5000,0,186038,0,0,0,1276203,664499,9407690
274,6,385010,34600,18100,5000,0,86276,0,0,0,1363486,664499,8980053
275,4,372899,39600,18100,8123,3600,443918,0,0,0,1298722,615047,13142637
276,4,369186,0,0,3025,0,0,0,0,0,358865,176170,5533191
277,7,395031,14000,15300,17988,0,0,0,74860,0,1423682,720351,9046973
278,5,387090,34600,18100,5000,0,84939,0,0,0,1369300,667464,9000736
279,7,396669,12800,18100,9833,0,0,0,74860,0,1425811,723305,8993688
280,5,384285,21800,18100,2900,0,135336,0,0,0,1335384,661781,9330977
281,6,395262,21800,18100,5000,0,57120,0,0,0,1375052,682497,8625497
282,7,395031,34600,15300,8154,0,0,0,74860,0,1469683,720351,9251830
283,4,366901,0,15300,11802,1800,0,0,0,0,1209343,604442,7091757
284,7,394394,12800,15300,16286,0,0,0,65360,6000,1414221,717258,8933631
285,5,390550,0,18100,17099,0,22578,0,0,0,1298550,676071,8278185
286,5,386342,0,18100,0,0,35288,0,0,0,1279523,666166,7778781
287,5,386342,12800,0,2900,0,42180,0,0,0,1317267,666166,7888861
288,5,389895,11200,18100,8550,0,142598,0,0,0,1324402,672337,9418427
289,6,395013,21800,15300,4536,0,0,0,0,0,1383984,687147,7911123
290,7,391436,14000,15300,17820,0,0,0,73737,0,1474962,727404,9039882
291,5,380265,11200,15300,12200,10000,0,0,0,0,1297575,658369,7667224
292,4,373660,0,30100,2900,4950,17332,8004,0,0,1184385,616312,7798117
293,6,395914,0,18100,0,0,0,0,0,0,1313884,684118,7536278
294,5,361097,14000,30100,0,0,0,0,0,0,0,0,5402496
295,7,391937,12800,15300,5040,0,0,0,74860,0,1408184,714120,8812160
296,7,398307,52100,15300,3780,0,0,0,74860,0,1546730,725927,9561205
297,8,412594,21800,15300,5000,0,0,0,79515,0,1405400,720351,9276287
298,5,387090,25600,15300,23297,3100,7597,0,0,0,1357505,667464,8163041
299,8,413959,26800,15300,5000,0,0,0,79515,0,1467093,723305,9426470
300,5,384285,0,0,5040,3600,0,0,0,0,1273908,489673,7032049
301,6,390415,7800,0,3780,0,60454,0,0,0,1299716,664704,8087228
302,8,415233,0,30100,3780,0,0,0,79515,0,1301307,214168,8571439
303,6,394609,34600,18100,8550,3600,0,0,0,0,1409683,680876,8222127
304,5,381013,0,15300,12851,0,0,0,0,0,1142601,242460,6843681
305,4,369948,0,0,15024,0,0,0,0,0,1172828,610299,6935507
306,5,373439,28100,15300,7785,0,153226,0,0,0,1303657,643266,9459331
307,5,375309,0,0,15726,0,0,0,0,0,1241156,646190,7120210
308,6,394609,0,15300,12370,0,55060,0,0,0,1307656,680876,8284836
309,5,382696,26800,0,10836,0,28131,0,0,0,1345137,659183,7975544
310,5,378282,14000,15300,5000,1800,0,0,0,0,1307369,659170,7503999
311,5,369980,14000,18100,2900,14000,44091,0,0,0,1264657,636932,8353605
312,5,372504,14000,30100,7400,10000,0,0,0,0,1273080,641317,7679005
313,5,383537,21800,18100,5000,3810,17105,8208,0,0,1332577,660319,8067296
314,5,373439,29600,18100,2900,1800,9993,7326,0,0,1322824,643266,7993882
315,5,377273,11200,18100,5000,3510,10098,8749,0,0,1278860,648626,8173858
316,7,388479,29600,18100,11543,240,0,0,74860,0,1444189,707068,9134945
317,4,369948,28100,15300,9800,5120,9900,9240,0,0,1255688,610299,8278511
318,4,369948,34600,15300,7400,6770,22044,11220,0,0,1274855,610299,8203382
319,5,374094,0,15300,5000,14000,0,0,0,0,1242716,579274,7607394
320,5,377366,14000,15300,26998,14000,21816,0,0,0,1294916,652687,8493975
321,6,393957,12800,18100,2900,0,3514,0,0,0,1342285,679253,7782510
322,5,372878,25600,15300,5000,13050,21954,10640,0,0,1231138,609032,7987038
323,5,385033,26800,30100,12200,4660,10305,10305,0,0,1352934,663241,8584639
324,4,369186,20600,15300,5000,5700,13172,9226,0,0,1231138,609032,8129190
325,5,386342,0,0,8550,0,0,0,0,0,1284513,668764,7248313
326,6,394609,0,15300,14826,3600,109120,0,0,0,1313884,684118,9015698
327,5,385033,0,30100,9225,0,34350,0,0,0,1273908,663241,7996081
328,8,412594,39600,30100,16105,0,0,0,79515,15000,1524118,721828,10126574
329,6,391347,0,0,2900,0,15080,0,0,0,1297067,675362,7447885
330,4,374898,0,0,2900,0,54308,0,0,0,1188948,618687,7532751
331,4,374232,0,30100,7266,0,13352,0,0,0,1186515,617420,7442219
332,6,387433,0,0,2900,0,62208,0,0,0,1289282,671309,7948975
333,6,389204,14000,15300,7400,10500,61108,0,0,0,1289301,649762,8849815
334,4,368424,25600,15300,14600,4540,27610,8541,0,0,1243448,607766,7993978
335,5,372037,29600,15300,12200,3920,19914,9960,0,0,1255243,607766,7996533
336,6,380350,29600,18100,2900,2670,10179,6790,0,0,1346980,655904,8000280
337,5,370821,0,15300,7400,14000,21438,0,0,0,1226184,638395,7889071
338,4,373660,0,30100,22383,0,0,0,0,0,1184385,616312,7452481
339,4,367853,24000,15300,9800,2830,9846,7216,0,0,1236603,606658,7819777
340,6,391347,26800,15300,5040,0,0,0,0,0,1376093,675362,7915423
341,5,383537,0,30100,13512,0,0,0,0,0,1268294,660319,7606689
342,7,390299,0,15300,24557,0,0,0,74860,0,1363830,710676,8804526
343,6,390415,12800,15300,10460,0,6966,0,0,0,1370063,674065,7856040
344,7,391937,26800,15300,9956,0,0,0,74860,0,1449466,714120,9100594
345,5,383537,0,0,11903,0,10811,0,0,0,1268294,660319,7355913
346,6,391347,28100,15300,2900,3580,64239,0,0,0,1379927,675362,8724877
347,5,385781,26800,15300,7400,0,14316,0,0,0,1355742,664704,8009718
348,6,391347,14000,15300,4283,0,11310,0,0,0,1318627,675362,7812561
349,7,391937,0,0,3780,0,0,0,74860,0,1367035,712338,8398477
350,7,395031,26800,15300,11046,0,0,0,74860,0,1461426,720351,9173445
351,4,372899,0,0,5040,0,75322,0,0,0,1181952,615047,7773095
352,7,386568,39600,15300,5000,0,0,0,74860,4000,1466124,703133,9194669
353,5,377273,14000,18100,5000,0,58833,0,0,0,1287116,648626,8177638
354,4,367092,0,30100,3780,0,3275,0,0,0,1163094,605234,7147904
355,7,379834,0,15300,14166,0,0,0,74860,0,1253467,652661,8370804
356,4,367092,0,15300,13630,0,13100,0,0,0,1163094,605234,7206404
357,6,378672,29600,15300,9800,2700,0,0,0,0,1340750,652661,7814179
358,6,378672,20600,15300,7940,0,0,0,0,0,1314212,652661,7611961
359,5,373439,0,15300,3780,0,76613,0,0,0,1235541,643266,8046135
360,4,367092,0,0,11903,0,20698,0,0,0,1163094,605234,7093256
361,4,378230,25600,15300,13590,0,0,0,0,0,1275385,624384,7673917
362,5,382696,0,30100,7400,0,7374,0,0,0,1266111,659183,7607210
363,8,417599,20600,15300,12756,0,0,0,79515,5000,1516259,758451,9629450
364,6,378672,34600,15300,27468,0,40536,0,0,0,1355494,652661,8562171
365,5,373439,28100,15300,22178,0,13324,0,0,0,1318401,643266,7967967
366,7,388479,0,15300,14166,0,0,0,74860,0,1344837,675362,8601059
367,7,388479,20600,15300,5000,0,0,0,74860,0,1357811,675362,8780905
368,6,391347,21800,18100,7400,7000,49158,0,0,0,1361350,675362,8931216
369,7,395031,15600,15300,16841,0,0,0,74860,4000,1428400,720351,9107431
370,5,384285,0,0,15156,0,13712,0,0,0,1271101,661781,7444086
371,8,417599,24000,15300,14873,0,0,0,89680,0,1315288,1002861,9820609
372,6,391347,47100,15300,26123,4920,8938,0,0,0,1435953,675362,8667407
373,6,390415,39600,15300,14016,1320,0,0,0,0,1393486,664704,8205214
374,4,367092,0,30100,2900,11900,49518,0,0,0,1163094,605234,7835060
375,5,374094,14000,15300,14949,0,207560,0,0,0,1283998,647002,10000688
376,5,369980,0,18100,5000,0,0,0,0,0,1223375,636932,7110031
377,4,362617,26800,15300,23605,9500,0,0,0,0,1210952,596687,7622263
378,5,374094,39600,15300,26172,10000,0,0,0,0,1353871,644079,8175658
379,4,369091,14000,15300,22642,10500,14224,0,0,0,1174349,611090,7686163
380,4,368329,14000,15300,9800,14200,34569,0,0,0,1208027,607134,8180789
381,5,373252,12800,15300,12200,14700,25304,0,0,0,1309782,642617,8296199
382,5,376525,16200,15300,7400,18120,44875,0,0,0,1298596,651225,8604673
383,5,370821,0,15300,12200,13300,14292,0,0,0,1234294,575348,7797582
384,5,372504,0,30100,2900,4900,0,0,0,0,1237101,644079,7342428
385,4,372899,0,0,3025,0,19962,0,0,0,1181952,615047,7084595
386,4,372899,25600,18100,2900,0,13308,0,0,0,1257440,615047,7639999
387,4,371376,0,18100,5000,0,43867,0,0,0,1177083,612513,7584492
388,4,367092,0,15300,9800,6090,13755,5895,0,0,1204377,605234,7480739
389,6,391347,21800,18100,7515,0,55856,0,0,0,1361350,675362,8567052
390,6,378672,29000,15300,7400,0,40536,0,0,0,1338981,652661,8229578
391,6,378672,14000,15300,7400,4300,10134,14872,0,0,1294750,652661,7848987
392,5,371195,39600,15300,7400,9630,21192,7944,0,0,1279865,605234,8272507
393,6,391347,39600,18100,2900,14230,30720,9074,0,0,1419542,678332,8971042
394,6,378672,52100,15300,7400,2920,10134,8112,0,0,1407097,652661,8550822
395,7,395031,14000,15300,13680,0,0,0,74860,12000,1423682,643865,9062791
396,6,378672,34600,15300,2900,15050,24998,11492,0,0,1355494,652661,8530731
397,7,388479,47100,18100,2900,1480,0,0,74860,12000,1421209,675362,9370623
398,5,373439,29600,15300,7400,6860,17322,9990,0,0,1322824,643266,8540326
399,5,373439,0,15300,9800,2300,16655,6660,0,0,1235541,643266,7635927
400,4,367092,34600,0,9800,3510,9825,8515,0,0,1265121,605234,8115779
401,4,367092,0,0,5000,4750,9825,10480,0,0,1163094,605234,7572032
402,5,376525,0,15300,7400,7500,0,0,0,0,1250826,651225,7324947
403,7,386568,14000,18100,9833,0,0,0,74860,12000,1327764,669850,8866558
404,5,379517,26800,18100,0,0,18280,0,0,0,1334219,653498,7885177
405,8,412594,28100,15300,13512,0,0,0,79515,0,1519489,748612,9605453
406,7,391937,39600,15300,5040,0,0,0,74860,0,1487210,714120,9251378
407,7,386568,0,18100,3780,0,0,0,74860,12000,1286482,669850,8564480
408,5,382696,0,15300,14526,0,126728,0,0,0,1266111,659183,8947370
409,7,391937,12800,15300,7400,0,0,0,74860,4000,1408184,714120,8888480
410,5,380171,12800,18100,9833,0,0,0,0,0,1296368,655285,7568373
411,7,391937,15600,15300,9956,0,0,0,74860,4000,1416440,714120,8965040
412,4,375564,39600,15300,12306,0,7504,0,0,0,1293407,619953,7914476
413,4,375564,14000,18100,2900,0,0,0,0,0,1232663,619953,7340348
414,8,409864,7800,18100,2900,0,0,0,79515,0,1393440,714120,9041640
415,4,369948,15600,0,0,0,9900,0,0,0,1218829,610299,7129684
416,4,367092,0,0,14016,0,0,0,0,0,1053206,316682,6471796
417,6,374198,0,0,13140,0,20028,0,0,0,1219008,634659,7280895
418,5,370354,0,0,14826,0,19559,0,0,0,1221816,636121,7248109
419,7,374556,0,18100,0,0,0,0,74860,12000,1241944,646660,8289944
420,7,390299,34600,15300,19671,0,0,0,74860,4000,1451113,710676,9346201
421,5,371663,14000,15300,8550,0,20426,0,0,0,1275576,642617,7632809
422,5,369232,14000,18100,0,14700,0,0,0,0,1267466,638395,7791561
423,5,366053,0,18100,0,1800,0,0,0,0,1210275,630112,6998935
424,5,368390,14000,15300,11970,4570,0,0,0,0,1264657,636932,7422981
425,6,381468,0,15300,5000,11000,66970,0,0,0,1223375,636932,8519275
426,4,369948,0,15300,13163,0,51744,0,0,0,1172828,610299,7717703
427,4,361665,11200,0,9800,15400,0,0,0,0,1176654,595104,7419918
428,5,370821,26800,18100,8123,0,7146,0,0,0,1342954,638395,7725797
429,4,359856,21800,15300,9800,11700,37238,0,0,0,1239878,592097,8182711
430,4,364331,39600,15300,12200,11500,34060,0,0,0,1269218,599693,8511415
431,4,360713,29600,15300,21800,12200,79674,0,0,0,1227869,593521,8948478
432,5,366707,26800,15300,5000,10000,17403,0,0,0,1291797,631412,7784369
433,4,369948,25600,18100,2900,14000,0,0,0,0,1248316,610299,7594771
434,6,388178,0,15300,5000,0,31167,0,0,0,1324226,669850,7828788
435,5,383537,26800,18100,0,8190,10263,8208,0,0,1332577,660319,8532692
436,4,374232,26800,15300,2900,8460,14020,10020,0,0,1303286,617420,8394958
437,7,386568,25600,15300,12200,1130,0,0,74860,4000,1363405,670598,8971215
438,4,374232,26800,18100,5000,3610,10014,13360,0,0,1265542,617420,8090190
439,6,375130,34600,15300,14600,4170,13384,7359,0,0,1343971,646660,8155151
440,5,370354,29600,15300,14160,3840,42952,13220,0,0,1309099,636121,8865236
441,5,383537,12800,15300,9800,3540,17379,8208,0,0,1343782,660319,8469329
442,6,374198,44600,15300,14600,0,33380,0,0,0,1370346,645040,8403382
443,6,375130,37100,15300,4560,2220,10038,7359,0,0,1351342,646660,8012090
444,6,385010,26800,15300,5000,4270,13740,8244,0,0,1337650,655285,8575895
445,6,374198,29600,15300,7400,2450,10014,6680,0,0,1326115,645040,8376179
446,5,373439,39600,18100,5000,10200,9993,5994,0,0,1352311,643266,8138257
447,6,375130,39600,15300,7400,0,50190,0,0,0,1358714,646660,8454018
448,5,370354,54600,18100,5000,3340,17181,7932,0,0,1382818,636121,8477399
449,6,375130,0,30100,12200,7560,13384,9366,0,0,1345959,636121,8372188
450,5,382696,0,15300,12106,0,0,0,0,0,1271101,460150,7203551
451,5,380171,14000,0,22401,0,7326,0,0,0,1337650,655285,7647311
452,4,375564,0,15300,11538,0,0,0,0,0,1191380,619953,7180961
453,5,381013,0,15300,10836,0,13596,0,0,0,1261119,656583,7515294
454,4,375564,0,15300,5000,0,47034,0,0,0,1191380,619953,7666913
455,5,368390,0,15300,3780,1800,0,0,0,0,1261119,636932,7099763
456,4,362617,26800,15300,9800,2680,0,0,0,0,1225695,596687,7389506
457,5,369232,14000,0,16246,3120,0,0,0,0,1267466,638395,7288881
458,5,387838,0,18100,0,2200,52318,0,0,0,1284513,668764,8395981
459,6,386687,12800,15300,12200,0,60030,0,0,0,1301360,657884,8378704
460,7,386568,29600,15300,5000,0,0,0,74860,0,1436637,703133,8982782
461,4,372899,47100,30100,8550,0,196690,0,0,0,1320838,615047,10404741
462,5,380171,0,15300,7400,0,0,0,0,0,1258624,655285,7295801
463,7,388479,42100,18100,2900,0,0,0,74860,0,1481049,707068,9233209
464,5,380171,11200,15300,15561,0,66468,0,0,0,1291650,655285,8374903
465,6,385010,25600,15300,14016,3600,13740,0,0,0,1351691,664499,8094658
466,5,379517,26800,18100,3780,0,54840,0,0,0,1334219,653498,8369257
467,7,386568,34600,15300,12756,0,0,0,74860,0,1436637,703133,9143054
468,7,388479,0,15300,9045,0,0,0,74860,0,1356906,707068,8583382
469,7,388479,14000,15300,15683,0,0,0,74860,0,1398189,707068,8892481
470,7,383656,29600,15300,20811,0,0,0,65360,0,1428825,600659,8895404
471,7,382382,0,15300,4031,0,0,0,74860,0,1331727,693949,8402980
472,5,366240,0,0,5040,0,57766,0,0,0,1207779,628813,7512520
473,5,366240,37100,18100,2900,0,144935,0,0,0,1249073,593047,9254220
474,7,388479,39600,15300,24556,0,0,0,74860,0,1473677,707068,9418509
475,5,377273,29600,15300,13113,0,16830,0,0,0,1333117,648626,7993023
476,7,384566,0,15300,4283,0,0,0,74860,4000,1276203,664499,8398382
477,6,385010,14000,15300,5000,0,13740,0,0,0,1317485,664499,7753156
478,5,379517,0,0,5000,0,45370,0,0,0,1255193,653498,7613839
479,4,372899,25600,15300,13864,0,27410,0,0,0,1257440,615047,7907191
480,4,358619,0,0,2900,0,6398,0,0,0,1133894,590038,6655344
481,4,360713,34600,15300,7400,14000,20850,0,0,0,1264729,593521,8195450
482,7,378797,14000,15300,11046,0,0,0,73737,0,1322468,667093,8575917
483,5,368390,14000,18100,5000,17420,34437,0,0,0,1264657,636932,8281089
484,4,356144,0,18100,19169,11700,36854,0,0,0,1125986,585924,7857734
485,4,364902,0,18100,0,0,30073,0,0,0,472282,231847,6186485
486,5,367549,14000,15300,12200,3120,6558,0,0,0,1256860,632873,7463877
487,4,364902,14000,18100,6800,0,26040,0,0,0,1155185,601118,7460023
488,4,361570,0,15300,7056,0,33024,0,0,0,1143019,594787,7261862
489,6,381934,54600,15300,7400,2700,27256,0,0,0,1411560,658823,8569271
490,6,381934,21800,15300,2900,3600,71962,0,0,0,1329585,658823,8539736
491,6,381934,21800,18100,8590,0,109024,0,0,0,1329585,658823,9043160
492,6,381934,34600,15300,5040,3020,0,0,0,0,1352585,658823,7889944
493,7,382382,14000,18100,14481,0,0,0,74860,0,1306584,658823,8689871
494,7,388479,26800,15300,5000,0,0,0,74860,4000,1473677,707068,9059805
495,6,381934,0,15300,26114,0,177447,0,0,0,1265302,658823,9683649
496,6,381934,20600,15300,14166,0,21260,0,0,0,1326046,658823,8003637
497,5,376244,29600,15300,14016,0,0,0,0,0,1331246,647651,7785229
498,6,375130,7800,15300,5000,0,0,0,0,0,1264944,646660,7301776
499,5,370354,0,18100,8976,0,0,0,0,0,1221816,636121,7160401
500,6,367674,37100,15300,12306,0,79240,0,0,0,1303453,621668,8647425
501,4,364045,15600,0,24193,0,0,0,0,0,1203621,544423,7140784
502,5,375309,0,18100,0,0,44860,0,0,0,1241156,646190,7687018
503,4,356715,29600,0,2900,0,35002,0,0,0,1212966,585766,7445620
504,4,356715,34600,15300,9800,2000,9546,6996,0,0,1212966,585766,8035384
505,6,381934,0,0,8590,0,47698,0,0,0,1265302,658823,7732773
506,6,381934,0,30100,12060,0,0,0,0,0,1245834,648626,7533572
507,6,378672,7800,30100,0,0,81880,0,0,0,1258541,643266,8439743
508,7,379834,7800,18100,5000,0,0,0,74860,12000,1276468,652661,8566245
509,6,383425,25600,18100,8590,0,0,0,0,0,1351691,601264,7770531
510,4,360523,0,0,2900,0,48622,0,0,0,1139674,593047,7196405
511,4,360523,0,0,2900,0,0,0,0,0,1139674,593047,6612941
512,5,364276,0,18100,2900,0,69550,0,0,0,1201542,625565,7809575
513,5,357918,29600,15300,12060,2700,36141,0,0,0,1270421,615984,7889057
514,4,358904,0,18100,0,0,66088,0,0,0,1134809,590515,7559244
515,5,358666,14000,15300,5000,0,52480,0,0,0,1176092,590515,7648587
516,4,361570,29600,15300,9865,0,0,0,0,0,1236385,482882,7278567
517,6,375130,0,0,12699,0,98514,0,0,0,1241944,646660,8264900
518,6,375130,25600,18100,0,0,302905,0,0,0,1282561,636121,11156546
519,4,364045,15600,15300,13512,0,133168,0,0,0,1197841,599377,8843402
520,6,381934,0,15300,5000,0,257988,0,0,0,1265302,658823,10396773
521,6,375130,29600,15300,8443,0,71073,0,0,0,1329227,646660,8553243
522,5,353617,7800,18100,5000,0,12872,0,0,0,1184614,604778,7078500
523,4,364045,0,30100,12893,0,34550,0,0,0,1151840,599377,7574493
524,5,354646,26500,15300,20379,7000,6708,0,0,0,1234721,607376,7557337
525,4,355668,0,15300,22162,0,26142,0,0,0,1121728,583708,7248860
526,4,352336,0,15300,5000,0,25898,0,0,0,1108650,576902,6975320
527,4,360713,14000,15300,7400,14700,27672,0,0,0,1187951,596687,7935238
528,4,347004,34600,0,0,0,136339,0,0,0,1177683,567406,8509909
529,4,360713,0,0,7400,14000,0,0,0,0,1140586,593521,7172483
530,4,362617,79600,15300,7400,14000,0,0,0,0,1381389,596687,8697296
531,4,348432,0,30100,5000,4000,0,0,0,0,1105608,515613,6773337
532,4,363569,0,15300,7400,14000,3632,0,0,0,1149711,598269,7454616
533,4,362617,0,30100,7400,7620,0,0,0,0,1146669,596687,7158368
534,5,362032,47100,18100,5000,0,169632,0,0,0,1279313,585766,9676587
535,4,359856,0,18100,5000,14000,24398,0,0,0,1143628,595104,7645996
536,6,375130,39600,15300,9800,3930,16730,6690,0,0,1343971,646660,8324099
537,4,356144,0,15300,10020,0,69894,0,0,0,1125986,585924,7641050
538,5,366240,37100,15300,13113,0,18951,0,0,0,1317178,628813,7935239
539,4,353573,16200,18100,5000,0,10344,0,0,0,1160981,579276,7111325
540,5,366240,0,15300,12609,0,19602,0,0,0,1207779,628813,7328980
541,5,366240,21800,15300,14481,0,26660,0,0,0,1272062,628813,7793415
542,6,373546,0,30100,2900,0,0,0,0,0,1236029,643581,7296062
543,6,371682,0,15300,15881,0,35015,0,0,0,1228554,639688,7657990
544,6,371682,15600,15300,3780,0,10743,0,0,0,1274554,639688,7477178
545,6,371682,0,0,13743,0,87803,0,0,0,1207779,628813,8050540
546,4,359666,0,0,14166,0,48120,0,0,0,1136330,591307,7308969
547,5,366240,15600,15300,11046,0,72013,0,0,0,1253780,628813,8194821
548,5,366240,15600,15300,8154,0,0,0,0,0,1253780,597372,7264520
549,6,371682,7800,15300,12200,0,135544,0,0,0,1251554,639688,8947998
550,4,341292,23100,18100,2900,0,49320,0,0,0,1138443,556961,7436672
551,5,349690,23100,18100,9833,0,50285,0,0,0,1214758,596983,7760645
552,6,371682,42100,15300,12077,0,10743,0,0,0,1331922,628813,7979395
553,4,347004,34600,15300,5000,0,49160,0,0,0,1177683,567406,7707361
554,4,367092,0,0,10020,0,0,0,0,0,1163094,605234,6822284
555,4,352336,0,0,18996,0,0,0,0,0,0,0,4963344
556,4,356144,14000,15300,7400,18560,35584,0,0,0,1173049,588932,7988217
557,4,346052,0,18100,0,0,0,0,0,0,1109210,566931,6544277
558,5,349690,34600,15300,12809,0,49657,0,0,0,1172353,556961,7827354
559,4,357952,14000,30100,5000,0,0,0,0,0,1179134,592097,7191463
560,4,360523,29600,18100,13005,2940,48622,0,0,0,1226957,593047,8055252
561,4,356144,14000,15300,26674,14700,3560,0,0,0,1254622,592097,7873635
562,4,358904,0,0,7400,14700,3584,0,0,0,1134809,590515,6857196
563,4,347195,47100,18100,5000,15400,3468,0,0,0,1232328,568989,7925373
564,4,337389,34600,15300,14322,9500,13004,0,0,0,1162923,552053,7340012
565,4,334724,34600,15300,20525,10000,12900,0,0,0,1139665,547623,7355692
566,6,371682,12800,30100,5543,0,16580,0,0,0,1245523,628813,7668440
567,4,357952,14000,15300,21736,11200,56456,0,0,0,1173049,588932,8348421
568,4,355192,29600,15300,9800,14000,44998,0,0,0,1216008,587348,8312648
569,4,354240,26800,15300,21812,14000,3540,0,0,0,1198931,582759,7886330
570,4,352431,21800,18100,2900,14000,3520,0,0,0,1177494,579276,7574586
571,4,357952,0,0,5000,13300,3576,0,0,0,1131767,588932,7125187
572,4,349480,29600,15300,2900,0,40534,0,0,0,1188635,573105,7561376
573,4,353288,0,15300,7400,14000,3528,0,0,0,1122947,584342,7264993
574,4,338722,29600,15300,17393,15000,22962,0,0,0,1152439,554270,7818057
575,4,356144,14000,18100,0,0,38124,0,0,0,1167269,585924,7731989
576,4,359666,16200,18100,2900,0,75202,0,0,0,1184100,591307,7981459
577,4,350527,0,0,24962,14000,3504,0,0,0,1105608,575320,7225792
578,4,359666,11200,0,0,2700,186064,0,0,0,1169356,591307,9010259
579,5,348194,0,30100,8550,0,59394,0,0,0,1064851,554112,7475215
580,4,359666,14000,18100,2900,1640,80590,0,0,0,1177613,591307,8029740
581,6,374198,0,30100,9073,0,40056,0,0,0,1219008,634659,8179707
582,4,358619,0,30100,7056,0,6398,0,0,0,1133894,590038,7066416
583,6,367674,0,0,12756,0,14298,0,0,0,1214229,632230,7112635
584,6,366556,28100,15300,5040,0,6540,0,0,0,1278609,630285,7535622
585,4,356715,29600,15300,7400,0,151981,0,0,0,1212966,585766,9251944
586,5,354646,0,0,7515,0,61254,0,0,0,1090400,567406,7249470
587,4,331582,0,0,8590,0,0,0,0,0,0,0,4559532
588,5,343706,39600,18100,0,0,117487,0,0,0,1167023,546515,8492206
589,5,362032,37100,0,8550,0,0,0,0,0,1303453,621668,7392045
590,5,343706,0,30100,16841,0,87318,0,0,0,1124806,585614,7940928
591,7,368823,29600,15300,11046,0,0,0,74860,0,1301512,632230,8610806
592,5,362032,20600,18100,3780,0,0,0,0,0,1254799,621668,7281591
593,4,347004,7800,18100,5000,0,78506,0,0,0,1113401,567406,7668639
594,5,362032,0,30100,10020,0,0,0,0,0,1125683,585766,7058589
595,5,354646,0,15300,8154,0,0,0,0,0,0,0,5047884
596,4,353288,21800,18100,7400,11200,61400,0,0,0,1180842,581018,8307020
597,4,358904,14000,15300,9800,16100,30736,0,0,0,1213836,590515,8011375
598,4,352336,0,18100,9833,0,63245,0,0,0,1108650,576902,7515080
599,4,355192,26800,15300,22092,14000,3548,0,0,0,1201973,584342,7908079
600,6,359007,25600,15300,12370,0,16656,0,0,0,1242093,607376,7550489
601,4,334724,0,0,5000,2000,0,0,0,0,1052382,547623,6182685
602,4,346052,0,0,21249,2000,0,0,0,0,1097701,571205,6598830
603,4,342244,0,18100,2900,2000,0,0,0,0,1077929,560916,6514601
604,5,354646,37100,18100,2900,6020,9492,9495,0,0,1199799,567406,7584349
605,4,347004,21800,15300,5000,6640,12384,8666,0,0,1154683,567406,7695965
606,5,343706,21800,15300,7400,2600,12264,6130,0,0,1189088,585614,7648474
607,5,360162,0,0,3780,2500,25704,0,0,0,1117774,581651,6923805
608,6,363387,20600,15300,8590,0,3242,0,0,0,1245593,624609,7356566
609,6,363387,15600,18100,11903,0,62500,0,0,0,1245593,624609,8073818
610,4,349860,20600,15300,5040,0,18477,0,0,0,1160269,572154,7177207
611,4,352336,21800,30100,11046,0,71295,0,0,0,1172933,576902,8127511
612,5,357918,29600,15300,11903,0,111110,0,0,0,1270421,615984,8754401
613,6,362269,14000,15300,12060,0,30894,0,0,0,1220989,614197,7591286
614,4,341292,0,0,2900,0,0,0,0,0,1070327,556961,6249052
615,5,349690,0,0,2900,0,109546,0,0,0,1146642,596983,7792801
616,4,328726,24000,30100,19961,2780,0,0,0,0,1090139,530444,6995311
617,4,321491,0,0,8590,0,0,0,0,0,993411,516936,5934255
618,5,357918,44600,18100,9833,0,51088,0,0,0,1314652,615984,8288728
619,5,357918,28100,30100,11979,0,42147,0,0,0,1265998,615984,8080774
620,6,367674,0,15300,21663,0,30568,0,0,0,1194055,621668,7567623
621,4,345576,0,0,13163,0,0,0,0,0,324621,0,5127117
622,5,357918,29600,15300,3780,220,127720,0,0,0,1270421,615984,8858885
623,5,350812,23100,18100,0,0,50700,0,0,0,1219750,599581,7670303
624,5,375309,21800,18100,2900,0,93882,0,0,0,1305439,646190,8667357
625,5,357918,0,30100,5000,4100,0,0,0,0,1183138,615984,7079938
626,5,357918,0,30100,5000,0,48272,0,0,0,1183138,615984,7610002
627,4,352431,0,18100,11903,4070,0,0,0,0,1113212,579276,6838028
628,4,335009,39600,15300,5000,0,14106,0,0,0,1152280,546515,7146411
629,4,325299,0,15300,5040,2780,25072,0,0,0,1014362,527839,6492513
630,4,324061,14000,15300,2900,10000,0,0,0,0,1054915,527343,6464194
631,4,324061,42100,18100,2900,1800,0,0,0,0,1123031,527343,6845174
632,5,365398,26800,15300,12330,0,81756,0,0,0,1322055,627514,8533333
633,4,337389,21800,18100,7400,14700,3372,0,0,0,1125179,552053,7339684
634,4,351479,14000,18100,5000,0,0,0,0,0,1157841,581018,6928091
635,4,330440,21800,15300,5000,12180,25351,7080,0,0,1089991,533742,7136761
636,4,330440,37100,18100,5000,17850,28888,7080,0,0,1124541,533742,7941315
637,5,337161,0,18100,2900,4180,9024,8428,0,0,1101725,573597,6718346
638,5,338938,29600,18100,5000,240,30240,0,0,0,1194934,576683,7367721
639,6,345866,21800,15300,9800,0,21595,0,0,0,1171934,576683,7250377
640,5,338938,29600,15300,5000,3510,12096,7260,0,0,1194934,576683,7673733
641,4,347004,0,15300,14481,0,15480,0,0,0,1138170,567406,6912436
642,4,356715,0,0,0,0,97377,0,0,0,1125683,585766,7674213
643,4,345576,0,0,0,0,0,0,0,0,1085535,564875,6294950
644,4,339769,0,15300,2900,0,0,0,0,0,1064851,554112,6403855
645,6,359007,15600,15300,4031,0,15116,0,0,0,1232826,617961,7298859
646,4,338246,0,0,3780,3600,312715,0,0,0,1059376,551262,9997798
647,6,359007,29600,18100,3025,0,80456,0,0,0,1253888,607376,8303104
648,4,347004,0,0,16508,0,9288,0,0,0,1090400,567406,6631086
649,4,347004,0,30100,8590,0,60299,0,0,0,1090400,567406,7509402
650,5,354646,29600,18100,3025,2700,246147,0,0,0,1253888,607376,10265188
651,5,354646,0,15300,3780,0,72772,0,0,0,1166605,607376,7642641
652,4,339769,21800,15300,7056,3000,0,0,0,0,1129134,554112,6847002
653,6,363387,29600,15300,10020,0,68859,0,0,0,1286876,624609,8323373
654,4,335009,7500,0,3780,0,0,0,0,0,328289,184051,5161020
655,5,343706,7800,15300,16508,3600,253618,0,0,0,1147806,585614,10124624
656,5,330242,0,30100,8123,0,30169,0,0,0,1077082,560767,6897005
657,5,343706,14000,15300,13113,1760,39858,0,0,0,1166088,585614,7399634
658,4,352336,0,18100,2900,7790,54320,0,0,0,1108650,576902,7418264
659,5,360162,0,0,5000,2500,9639,0,0,0,1117774,581651,6745665
660,4,374898,29600,15300,13163,0,80925,0,0,0,1282826,632711,8664637
661,4,348432,12800,18100,2900,0,22500,0,0,0,1133011,569938,7079897
662,4,344720,39600,15300,19064,2000,0,0,0,0,1203217,565349,7370190
663,4,349480,14000,15300,5000,10000,13468,0,0,0,1142635,573105,7126120
664,4,321491,14000,15300,8154,2200,102444,0,0,0,1034693,516936,7597793
665,4,326727,29600,18100,5000,13300,18888,0,0,0,1110613,532389,7397698
666,4,349480,21800,18100,2900,1800,0,0,0,0,1203379,573105,7040080
667,4,332058,23100,15300,5000,1200,0,0,0,0,1111982,543191,6686485
668,4,336056,0,30100,5000,0,0,0,0,0,1061209,352291,6351284
669,4,337389,15600,15300,9800,14000,22878,0,0,0,1106896,552053,7458945
670,4,342244,7800,18100,5000,17400,56785,0,0,0,1100929,560916,7850365
671,4,341007,0,18100,5000,15900,9492,0,0,0,1078179,502924,7061491
672,5,361284,14000,30100,11046,0,142717,0,0,0,1200755,583708,9034635
673,4,348432,26800,15300,19596,8500,16785,0,0,0,1214471,571205,7550956
674,4,329392,25600,30100,9800,0,35726,0,0,0,1110836,538759,7328199
675,4,342816,0,30100,0,0,0,0,0,0,1075800,559809,6921333
676,5,349690,12800,15300,5000,0,28071,0,0,0,1184386,596983,7233677
677,5,342491,0,0,3780,0,61100,0,0,0,1044776,543665,6970069
678,4,341292,0,18100,13005,0,126297,0,0,0,1070327,556961,8103076
679,5,349690,0,0,5000,0,205493,0,0,0,1146642,596983,8969365
680,4,341292,0,15300,9504,3600,355105,0,0,0,1070327,556961,10816360
681,4,341292,0,0,5543,0,14370,0,0,0,1070327,556961,6453208
682,4,331582,26800,0,9225,0,6390,0,0,0,1118329,484690,6607043
683,5,349690,0,30100,4283,0,0,0,0,0,1146642,596983,6856045
684,4,341292,0,15300,3780,3980,75516,0,0,0,1070327,556961,7397164
685,5,349690,0,18100,11903,0,106927,0,0,0,1070327,556961,7970272
686,5,349690,0,30100,0,0,146472,0,0,0,1070327,556961,8445976
687,4,347004,0,0,5040,1540,53867,0,0,0,1090400,567406,7046898
688,6,355186,15600,15300,3780,0,64135,0,0,0,1216010,609205,7807155
689,5,335572,0,30100,0,0,48495,0,0,0,1095797,570511,7119528
690,4,311114,15600,0,12060,0,55500,0,0,0,984986,488351,6675085
691,5,322856,29600,15300,7400,0,32026,0,0,0,1119376,547613,7060701
692,6,366556,34600,15300,15683,0,40288,0,0,0,1279154,620531,8146465
693,5,338938,0,15300,20633,7000,42336,0,0,0,1107651,576683,7262882
694,3,323689,23100,30100,11556,880,2888,0,0,0,1070800,521479,6798203
695,4,352336,7800,30100,9800,0,0,0,0,0,1131650,576902,7027576
696,4,359666,14000,30100,5000,0,180176,0,0,0,1177613,591307,9374292
697,4,341292,34600,15300,13113,0,48720,0,0,0,1059663,187949,7225196
698,4,340055,26800,15300,19400,10500,9102,0,0,0,1125611,552277,7574532
699,4,326727,29600,15300,5000,14000,22152,0,0,0,1106652,530444,7405760
700,4,344720,23100,15300,7400,9500,16605,0,0,0,1146349,561075,7236580
701,4,341007,14000,15300,12809,10000,13140,0,0,0,1106836,554476,7047584
702,4,340055,39600,15300,2900,9500,13104,0,0,0,1178098,552277,7322579
703,4,340055,26800,15300,5000,14000,23052,0,0,0,1140354,552277,7625875
704,4,339769,0,0,19985,0,54558,0,0,0,1064851,554112,7079971
705,4,344720,7800,0,3780,1800,0,0,0,0,1115977,561075,6481876
706,6,356211,25600,15300,9800,0,31780,0,0,0,1235735,611799,7661630
707,4,330440,29600,18100,5000,12320,18866,10030,0,0,1112991,533742,7448493
708,5,324726,29600,15300,7400,2000,17382,6369,0,0,1037166,506254,7037164
709,3,312534,0,0,7785,2500,22640,0,0,0,959711,450636,6005903
710,4,334724,0,30100,12200,13800,22694,0,0,0,1044423,543481,7341712
711,4,334724,14000,30100,5000,14000,25680,0,0,0,1085706,543481,7522987
712,4,318444,20600,18100,5000,14700,3180,0,0,0,1049629,514581,6907246
713,4,317492,7800,18100,8976,0,47127,0,0,0,1002522,509709,6774591
714,4,334724,16200,15300,9800,2000,0,0,0,0,1129937,543481,6715026
715,4,336723,0,15300,7400,16850,26436,7813,0,0,1055727,549363,7016226
716,5,343706,0,30100,9504,0,14472,0,0,0,1050253,546515,6865080
717,6,350153,15600,15300,8590,0,6748,0,0,0,1170806,585614,7039792
718,4,335009,0,0,5040,0,146461,0,0,0,1050253,546515,7917300
719,6,350153,7800,18100,5000,0,177322,0,0,0,1173387,598988,8988323
720,4,335009,0,30100,4536,0,17934,0,0,0,1050253,546515,6730128
721,5,330242,15600,18100,9833,0,66230,0,0,0,1133648,560767,7472487
722,5,343706,0,15300,5040,0,27841,0,0,0,1124806,585614,6907992
723,4,335009,0,30100,9225,0,27138,0,0,0,1050253,546515,6896844
724,4,306830,0,30100,16316,0,108822,0,0,0,944811,491646,7423101
725,4,349860,0,18100,9833,0,84891,0,0,0,1099525,572154,7727683
726,4,335009,15600,18100,15350,0,82017,0,0,0,1125170,542382,7765340
727,6,350153,15600,15300,17640,0,0,0,0,0,1196387,598988,7106371
728,4,329392,0,18100,5000,13300,9168,0,0,0,1027520,534686,6840658
729,4,324061,0,18100,5000,9500,0,0,0,0,1009709,525417,6281702
730,4,338722,34600,18100,5000,14700,38072,0,0,0,1159127,550078,7950357
731,4,292836,29600,15300,7560,0,10448,0,0,0,1003114,430711,6167057
732,4,304640,29600,15300,17848,2700,152208,0,0,0,1025152,488034,8262034
733,4,338722,34600,15300,2900,15400,22480,0,0,0,1159127,550078,7712853
734,4,329392,29600,15300,2900,14700,0,0,0,0,1114803,534686,6869141
735,4,326727,37100,15300,2900,16600,9327,0,0,0,1128768,530444,7380776
736,3,308848,0,0,2900,14700,3084,0,0,0,858297,392688,5935797
737,4,340055,0,15300,5000,3560,12136,0,0,0,1061328,552277,6615889
738,4,304640,23100,15300,12200,0,35334,0,0,0,1005985,488034,6652843
739,4,323490,14000,30100,5000,10630,18470,6924,0,0,1041635,520548,7362971
740,5,332019,29600,15300,9800,0,48814,0,0,0,1087636,520548,7355308
741,4,323490,0,30100,5000,2230,8658,6924,0,0,1000353,520548,6653157
742,4,304640,0,15300,12200,9110,11415,9248,0,0,937869,488034,6383631
743,4,328726,0,15300,22080,0,3284,0,0,0,1019369,530444,6455857
744,4,328726,29600,18100,5000,2700,167124,0,0,0,1114419,534486,8779893
745,4,328726,0,15300,13824,0,32252,0,0,0,1023330,532389,6710307
746,5,337161,21800,15300,14724,0,30080,0,0,0,1166008,573597,7285285
747,5,337161,7800,15300,5040,0,14196,0,0,0,1124725,573597,6749026
748,4,319492,0,0,0,0,0,0,0,0,986467,513323,5793762
749,5,343706,23100,15300,5040,0,9198,0,0,0,1192922,585614,7062856
750,4,328726,0,18100,9833,3100,47505,0,0,0,1019369,530444,6910345
751,4,335009,21800,15300,26496,0,0,0,0,0,1114536,546515,6958115
752,5,337161,0,30100,12232,0,0,0,0,0,1019369,530444,6589237
753,4,328726,0,18100,2900,0,8796,0,0,0,823522,394766,5993916
754,4,295787,0,30100,3780,0,8656,0,0,0,910701,473897,5870402
755,4,336723,0,15300,7940,0,0,0,0,0,863201,285352,5952981
756,4,317492,31500,18100,8123,0,29000,0,0,0,1037853,499130,6890111
757,4,308068,29600,15300,22546,14700,0,0,0,0,1039944,495731,6704483
758,4,326727,37100,15300,7400,16400,21803,0,0,0,1128768,530444,7582088
759,3,319712,21800,30100,11046,14000,0,0,0,0,1048983,512127,7108458
760,4,334724,21800,15300,15836,13300,0,0,0,0,1108706,543481,7286691
761,4,328060,34600,15300,12131,0,0,0,0,0,1133773,536885,6873978
762,4,324061,14000,30100,5000,14300,21623,0,0,0,1050991,525417,7271932
763,4,332058,42100,15300,9800,14000,22510,0,0,0,1160115,539084,7774295
764,4,333391,0,18100,15856,0,18798,0,0,0,1023632,532154,6669598
765,4,333391,0,30100,17846,0,24746,0,0,0,1040199,541283,6934550
766,4,341292,16200,15300,10020,0,39585,0,0,0,1110003,552749,7246304
767,4,329392,0,15300,5000,1800,0,0,0,0,1027520,534686,6254434
768,4,321491,0,0,3780,0,66531,0,0,0,997271,518831,6680662
769,4,321491,14000,15300,12809,0,95102,0,0,0,1034693,516936,7539149
770,4,321491,0,0,13512,0,29368,0,0,0,993411,516936,6345735
771,4,321491,21800,30100,3780,0,8604,0,0,0,954191,463289,6541108
772,4,311114,0,0,9504,2700,0,0,0,0,958998,499029,5785839
773,5,330242,29600,15300,13613,0,14730,0,0,0,1164365,560767,7085124
774,5,330242,0,30100,5040,0,9310,0,0,0,1077082,560767,6609701
775,4,323490,0,0,7560,0,35325,0,0,0,1007975,524515,6394806
776,5,338938,15600,30100,13086,0,32050,0,0,0,1079523,537808,7285147
777,4,323490,0,15300,14949,2500,12006,0,0,0,1007975,524515,6417246
778,3,303319,0,15300,15139,0,38532,0,0,0,924969,481061,6310286
779,4,313304,19000,18100,2900,0,23034,0,0,0,1002023,491997,6488588
780,3,320294,7800,18100,3780,0,0,0,0,0,1013494,515139,6200773
781,4,329392,0,30100,5000,10000,0,0,0,0,1012437,526552,6507217
782,4,287219,37100,18100,2900,0,43554,0,0,0,930238,426905,6490635
783,4,304069,23100,18100,5000,13300,20620,0,0,0,966569,467271,6796508
784,5,337161,14000,15300,11903,0,170852,0,0,0,1060652,530444,8687356
785,4,290836,7800,18100,5000,16600,25214,0,0,0,810101,421320,6293045
786,4,329392,34600,15300,20519,14700,3292,0,0,0,1094741,526552,7463685
787,4,329392,0,15300,7400,14700,22330,0,0,0,1012437,526552,6987385
788,4,295787,23100,15300,7400,0,25649,0,0,0,958035,462833,6286892
789,4,321491,20600,18100,5000,15400,3212,0,0,0,1001750,497070,6894368
790,4,315208,0,0,0,12600,0,0,0,0,934719,486132,6099987
791,4,328726,11200,0,8590,0,87266,0,0,0,1052395,530444,7301715
792,4,300452,0,30100,17348,1800,0,0,0,0,885652,460613,5975313
793,4,311876,0,0,5000,2000,0,0,0,0,923443,480267,5679322
794,4,317492,15600,15300,8154,0,40783,0,0,0,1025522,509709,6782831
795,4,313304,29600,15300,13163,0,36781,0,0,0,1053223,502642,6947417
796,4,313304,7800,15300,7056,2700,83850,0,0,0,988940,502642,7114086
797,4,311114,14000,15300,14016,0,13098,0,0,0,1000281,499029,6377802
798,3,301088,0,0,13086,0,0,0,0,0,567597,0,4771245
799,5,332019,29600,15300,14093,0,8886,0,0,0,1087636,520548,6927688
800,4,315493,14000,30100,16631,0,26682,0,0,0,1014166,506254,6829760
801,5,330242,37100,15300,5000,0,28636,0,0,0,1083087,516936,7124331
802,4,308924,0,15300,13319,0,2756,0,0,0,958683,498429,5985540
803,4,315493,0,0,21827,0,5628,0,0,0,972883,506254,6048821
804,4,311114,15600,18100,8123,0,19425,0,0,0,1011322,501884,6452010
805,4,308924,0,0,20816,0,25468,0,0,0,952055,495416,6154807
806,3,285956,0,30100,2900,10000,11020,0,0,0,872242,453639,5817361
807,3,268302,7800,18100,0,9500,0,0,0,0,797690,402904,5242602
808,3,265392,21800,30100,13113,0,0,0,0,0,831134,398827,5608377
809,3,300991,0,30100,5000,2000,0,0,0,0,923443,480267,5894218
810,4,315493,29600,15300,7400,15020,21050,7882,0,0,1060166,506254,7150212
811,4,302451,29600,18100,2900,0,0,0,0,0,1018208,484421,6217393
812,3,274316,29600,15300,11760,3610,13215,8313,0,0,881420,413018,6005434
813,3,301088,23100,30100,7400,0,16760,0,0,0,986075,477415,6471690
814,4,300261,29600,18100,5000,2230,8037,5896,0,0,1011265,480808,6535421
815,3,269854,14000,15300,13416,7190,9628,6734,0,0,821487,405772,5825467
816,3,269854,0,18100,5000,6490,10110,6253,0,0,780205,405772,5707445
817,3,269854,0,30100,5000,0,2407,0,0,0,780205,405772,5262893
818,3,287993,33100,15300,23729,2000,0,0,0,0,976551,457126,6241513
819,3,287993,12800,0,2900,2000,0,0,0,0,926717,457126,5485299
820,4,291408,0,0,3780,2500,36400,0,0,0,896817,466671,5792160
821,3,278778,15600,30100,9899,0,20490,0,0,0,268256,0,4950560
822,3,281009,15600,15300,5000,0,30686,0,0,0,860164,423434,5881854
823,3,269854,0,0,4536,0,34855,0,0,0,780205,405772,5285501
824,3,269854,15600,15300,5000,0,0,0,0,0,815217,405772,5301085
825,4,287219,0,30100,5040,0,40276,0,0,0,820839,426905,6012956
826,4,287219,0,30100,12330,0,7686,0,0,0,820839,426905,5709356
827,4,293597,29600,18100,9833,0,39606,0,0,0,928150,437321,6519699
828,3,276547,0,0,8154,0,12335,0,0,0,801103,416641,5180396
829,4,285029,0,30100,7560,0,76483,0,0,0,814164,423434,6438098
830,4,285029,0,0,8550,0,5594,0,0,0,814164,423434,5238110
831,4,285029,0,30100,7758,0,13121,0,0,0,814164,423434,5680130
832,4,285029,0,0,11903,0,15258,0,0,0,814164,423434,5394314
833,3,223973,0,0,14957,0,0,0,0,0,0,0,3189672
834,4,285029,0,0,2900,0,53905,0,0,0,814164,423434,5750042
835,4,285029,0,18100,0,0,20954,0,0,0,814164,423434,5537030
836,3,307296,0,30100,2900,0,10964,0,0,0,894273,465097,6016990
837,3,251812,23100,18100,5000,0,0,0,0,0,773669,378448,5124129
838,3,283919,12800,18100,0,0,0,0,0,0,270313,84595,4560008
839,3,279748,0,0,7400,2000,0,0,0,0,810101,421320,5104025
840,3,243470,15600,15300,3780,2000,0,0,0,0,603959,290533,4629348
841,3,279748,0,18100,3780,0,33844,0,0,0,810101,421320,5659913
842,4,285029,0,15300,11760,12850,13223,9162,0,0,814164,423434,5815922
843,4,285029,15600,18100,5000,4600,35089,7635,0,0,860164,423434,6531606
844,4,285029,21800,18100,7680,14650,19325,8144,0,0,878447,423434,6372253
845,3,263064,29600,15300,5000,14320,51534,7973,0,0,847460,395355,6427367
846,3,281009,21800,30100,10020,0,35098,0,0,0,878447,423434,6274249
847,3,272085,0,0,12851,0,72810,0,0,0,787170,409394,5881316
848,3,281009,29600,15300,12060,0,15842,0,0,0,901447,423434,6017889
849,3,272085,0,30100,16631,0,48540,0,0,0,787170,409394,5996636
850,3,272085,0,0,2900,0,7867,0,0,0,787170,409394,4982588
851,3,272085,0,30100,5000,0,12523,0,0,0,787170,409394,5424860
852,3,272085,21800,18100,0,0,437496,0,0,0,851452,409394,10677810
853,5,287326,7800,18100,11903,0,73099,0,0,0,810170,409394,6423280
854,5,320892,0,15300,11802,0,36416,0,0,0,894273,465097,6434374
855,3,272085,0,30100,6858,0,24856,0,0,0,787170,409394,5595152
856,3,272085,0,0,8976,0,21843,0,0,0,787170,409394,5223212
857,3,272085,0,0,5000,0,12816,0,0,0,787170,409394,5067176
858,3,285956,16200,18100,2900,0,10204,0,0,0,878478,432037,5745931
859,3,261318,7800,15300,10020,0,14735,0,0,0,777663,392488,5267755
860,3,272085,37100,15300,9800,460,21843,0,0,0,896568,409394,6030242
861,3,272085,29600,15300,7400,2970,33491,5335,0,0,874453,409394,6458415
862,3,267720,0,15300,5000,240,16716,0,0,0,773527,402299,5221050
863,3,254043,21800,15300,5000,2220,31278,4077,0,0,798627,381920,5582375
864,3,254043,0,30100,9323,10410,11784,7248,0,0,734344,381920,5680116
865,3,236971,21800,15300,5000,2760,29172,3384,0,0,747250,355200,5247718
866,3,236971,0,30100,5000,3430,33400,4653,0,0,682967,355200,5251631
867,3,267720,0,18100,0,0,36106,0,0,0,787170,409394,5445188
868,3,263064,7800,30100,7515,0,189814,0,0,0,783177,395355,7760940
869,3,258505,0,15300,11538,0,0,0,0,0,603686,203299,4603341
870,3,245410,0,0,13113,0,22855,0,0,0,709091,368786,4807801
871,3,274316,0,0,3780,2500,7341,0,0,0,794137,413018,5057403
872,3,256274,0,0,5000,0,4572,0,0,0,681931,203299,4444406
873,3,256274,7800,30100,2900,0,39138,0,0,0,236026,131051,4781877
874,3,245410,29600,15300,5000,0,22416,0,0,0,796374,368786,5373884
875,3,245410,0,30100,7443,0,4378,0,0,0,709091,368786,4879237
876,3,245410,0,30100,0,0,29333,0,0,0,709091,368786,5089381
877,3,245410,0,15300,4536,0,0,0,0,0,709091,368786,4614217
878,3,290030,16200,0,9800,0,13451,0,0,0,891249,438680,5724665
879,3,237165,0,30100,5000,200,0,0,0,0,685580,356559,4653227
880,3,243470,16200,30100,12154,2000,0,0,0,0,736312,365767,5123087
881,3,263064,29600,15300,17000,2000,7041,4690,0,0,847460,395355,6063071
882,3,263064,15600,30100,7400,3950,39891,5628,0,0,806178,395355,6112029
883,3,245410,21800,15300,9800,11110,6567,7446,0,0,773374,368786,5648184
884,3,254043,21800,15300,9800,11280,11784,8607,0,0,798627,381920,5569127
885,3,228241,23100,18100,2900,3660,28098,4884,0,0,725542,341916,5427442
886,3,228241,0,30100,5000,4520,28098,4884,0,0,690451,341916,4971139
887,3,285471,0,0,6680,2500,21087,0,0,0,666861,319723,5186512
888,3,254043,0,15300,5000,0,18676,0,0,0,734344,381920,4998312
889,3,247641,0,15300,4031,0,18206,0,0,0,571060,273908,4623696
890,3,236971,0,30100,3780,0,17420,0,0,0,682967,355200,4838651
891,3,249872,0,30100,14600,2990,6687,5352,0,0,744419,375730,5281821
892,3,236971,0,30100,0,14300,18181,6345,0,0,682967,355200,5351519
893,3,236971,0,15300,2900,1700,0,423,0,0,682967,355200,4466927
894,3,236971,0,15300,17000,3620,31286,4653,0,0,682967,355200,5085359
895,3,219705,0,30100,9800,3530,8232,2352,0,0,632755,329085,4562836
896,3,219705,0,15300,7400,3560,7840,4704,0,0,632755,329085,4507336
897,3,251812,0,30100,11046,2700,69180,0,0,0,727668,378448,5846776
898,3,247641,29600,15300,3780,0,121770,0,0,0,803050,372259,6591617
899,3,256274,0,30100,5000,0,11430,0,0,0,741018,385391,5129081
900,3,245410,0,30100,12851,0,0,0,0,0,709091,368786,4891597
901,3,269854,15600,18100,3780,0,36400,0,0,0,657578,297601,5491035
902,3,272085,15600,15300,8154,0,24177,0,0,0,833170,409394,5680620
903,3,298857,0,0,0,0,48940,0,0,0,867570,451209,5922687
904,3,254043,0,0,13163,0,43154,0,0,0,734344,381920,5206404
905,3,245410,0,30100,5040,0,91061,0,0,0,709091,368786,5890597
906,5,304810,29600,15300,14301,0,21752,0,0,0,1075465,514482,6700651
907,5,287326,0,18100,11903,3600,92268,0,0,0,928606,483465,6784183
908,3,228241,0,0,2900,0,32985,0,0,0,657425,341916,4497509
909,3,211460,0,0,5543,0,0,0,0,0,603294,313717,3825547
910,3,281009,7800,18100,3780,0,74998,0,0,0,837164,423434,6304726
911,3,289933,7800,0,5040,0,31446,0,0,0,863868,437321,5740541
912,3,228241,0,0,5000,0,10668,0,0,0,520273,249461,4025298
913,3,254043,0,30100,13638,0,18676,0,0,0,734344,381920,5279568
914,3,225913,0,30100,9833,0,0,0,0,0,650749,338444,4504653
915,3,254043,0,30100,25083,0,0,0,0,0,734344,381920,5192796
916,2,224543,0,30100,5000,2000,0,0,0,0,647238,336568,4446862
917,3,211460,0,30100,12200,16850,19998,4524,0,0,603294,313717,4836427
918,3,245410,15600,30100,11046,0,10945,0,0,0,755092,368786,5256942
919,3,245410,14000,15300,5000,2610,30207,5694,0,0,709091,368786,5582125
920,3,245410,7800,15300,7400,3560,30207,4380,0,0,732091,368786,5546229
921,3,245410,29600,30100,7400,0,21890,0,0,0,796374,368786,5573972
922,3,236971,0,0,5040,0,33740,0,0,0,682967,355200,4688411
923,3,245410,0,30100,7811,0,42816,0,0,0,709091,368786,5344909
924,3,307296,0,0,22872,3020,0,0,0,0,894273,465097,5800126
925,3,272085,0,15300,5000,0,7281,0,0,0,787170,409394,5184356
926,3,267720,7800,15300,5543,0,0,0,0,0,634014,265486,4852600
927,3,245410,0,30100,7056,0,19701,0,0,0,709091,368786,5058469
928,3,301088,0,0,0,0,54688,0,0,0,874246,454681,6031799
929,3,305453,29600,15300,9865,0,37278,0,0,0,974881,461626,6688931
930,3,236971,7800,18100,0,0,72720,0,0,0,705968,355200,5440724
931,2,216158,0,30100,4283,0,0,0,0,0,196306,80307,3594361
932,3,289933,29600,15300,17131,0,28860,0,0,0,928150,437321,6395475
933,3,296626,15600,18100,9833,0,53242,0,0,0,906895,447737,6525048
934,3,307296,29600,18100,0,0,52858,0,0,0,981556,465097,6826025
935,2,202118,0,30100,14949,0,123823,0,0,0,583795,303577,5630300
936,3,281009,0,30100,3780,0,42912,0,0,0,814164,423434,5935862
937,3,254043,14000,30100,0,0,38804,0,0,0,775627,381920,5586891
938,3,254043,21800,15300,13163,0,7344,0,0,0,798627,381920,5317559
939,3,236971,0,30100,4536,480,118044,0,0,0,682967,355200,6170555
940,3,245410,0,0,16514,0,24605,0,0,0,709091,368786,4869613
941,6,303926,15600,15300,17988,0,39038,0,0,0,997064,495157,6654561
942,3,301088,20600,15300,11591,0,5802,0,0,0,920247,454681,6090724
943,2,239460,15600,18100,5000,0,0,0,0,0,727068,359873,4792145
944,3,272085,0,30100,22949,0,0,0,0,0,787170,409394,5489972
945,3,245410,0,30100,4031,1320,70048,0,0,0,709091,368786,5642173
946,3,235031,0,15300,17140,2000,0,0,0,0,680066,353691,4605845
947,3,263646,14000,15300,9800,200,0,0,0,0,782522,385449,5203127
948,3,219705,0,0,5000,0,0,0,0,0,632755,329085,3974668
949,2,202118,7800,15300,12200,4300,5409,5776,0,0,595807,303577,4236500
950,3,236971,0,15300,2900,13570,18350,7614,0,0,682967,355200,5217215
951,3,236971,0,30100,2900,15450,13953,7191,0,0,682967,355200,5167763
952,3,236971,0,30100,5000,4620,29172,5499,0,0,682967,355200,5115743
953,2,202118,21800,30100,14600,3800,26682,4693,0,0,637089,303577,4908622
954,3,236971,0,30100,12480,3940,6342,4230,0,0,682967,355200,4908155
955,3,234740,7800,30100,5000,5210,33090,5866,0,0,680971,347696,5348163
956,3,230472,0,30100,10836,3600,106912,0,0,0,651312,338686,5904910
957,3,236971,0,30100,5040,0,0,0,0,0,675360,351008,4632932
958,3,228241,0,15300,3780,0,21989,0,0,0,645201,335508,4541085
959,3,228241,0,30100,0,0,0,0,0,0,645201,335508,4409457
960,3,228241,0,30100,3025,0,30786,0,0,0,645201,335508,4815189
961,3,228241,0,30100,7400,0,20523,0,0,0,645201,335508,4744533
962,2,216158,0,30100,8550,0,0,0,0,0,187391,120466,3676809
963,3,228241,0,0,10828,0,149846,0,0,0,645201,335508,5976345
964,3,236971,0,30100,7515,0,84812,0,0,0,669066,347918,5670992
965,3,292164,0,15300,13113,0,0,0,0,0,683671,230235,5181538
966,2,245115,0,15300,15939,0,0,0,0,0,0,0,3669204
967,3,298857,0,0,12232,0,15996,0,0,0,867570,451209,5674143
968,5,313132,29600,15300,7056,1980,92169,0,0,0,1104162,529424,7637954
969,3,298857,29600,15300,12851,0,0,0,0,0,954853,451209,6158326
970,3,281009,29600,18100,9406,0,48126,0,0,0,878447,423434,6384049
971,3,292164,57100,18100,0,0,87876,0,0,0,1015916,440793,7422521
972,2,262178,0,18100,0,0,0,0,0,0,469539,0,4210407
973,3,278778,0,0,5000,0,0,0,0,0,242924,89237,4138933
974,3,263064,29600,18100,0,0,68334,0,0,0,847460,395355,6213419
975,3,263064,0,30100,4031,0,25532,0,0,0,760177,395355,5407060
976,2,195585,0,30100,3780,0,82216,0,0,0,565751,294194,4881757
977,3,211460,0,30100,14868,2700,91890,0,0,0,603294,313717,5433727
978,3,211460,0,30100,9073,2700,60580,0,0,0,603294,313717,4988467
979,2,205433,0,0,3780,0,0,0,0,0,541042,283156,3630566
980,3,287702,0,30100,0,0,46714,0,0,0,834191,433849,6056520
981,2,208943,0,30100,2900,0,0,0,0,0,541042,298436,4043670
982,3,236971,15600,18100,0,0,4228,0,0,0,715067,347918,4725469
983,3,281009,0,30100,7785,0,11832,0,0,0,814164,423434,5610962
984,3,241433,7800,15300,16401,0,0,0,0,0,708333,362145,4800570
985,3,228241,7800,30100,3780,0,46096,0,0,0,657213,335508,5124813
986,3,228241,0,0,3780,0,41862,0,0,0,645201,335508,4595961
987,2,212453,0,30100,4031,0,13265,0,0,0,613188,318861,4356165
988,3,211460,0,30100,5000,14700,14336,6786,0,0,603294,313717,4707871
989,2,195585,0,0,7400,10290,11168,4537,0,0,565751,294194,3889345
990,3,228241,0,30100,7400,2960,6108,4070,0,0,645201,335508,4655913
991,2,208943,7800,30100,19400,12180,7456,7460,0,0,242417,128733,4275794
992,3,211460,21800,15300,7400,6820,5658,5655,0,0,667577,313717,4875186
993,2,195585,0,30100,5000,2680,24075,4188,0,0,565751,294194,4281121
994,2,195585,0,0,14600,4690,9423,4188,0,0,565751,294194,3973849
995,2,195585,0,0,5000,8550,11168,5235,0,0,565751,294194,4119337
996,3,228241,7800,30100,5000,5670,6108,5291,0,0,645201,335508,5069385
997,3,228241,0,30100,9800,7520,6108,4884,0,0,645201,335508,4749201
998,3,211460,0,30100,14600,7600,17352,6786,0,0,603294,313717,4798507
999,3,211460,0,30100,2900,7900,15844,5278,0,0,603294,313717,4625515
1000,3,296626,15600,15300,9406,3580,23604,0,0,0,895907,447737,6162640
1001,3,251812,0,15300,5040,0,27312,0,0,0,727668,378448,5062288
1002,2,229905,7800,15300,13113,0,0,0,0,0,205902,0,3741606
1003,2,222203,0,30100,5040,0,8880,0,0,0,639381,332482,4486507
1004,3,234740,0,30100,5000,1320,9466,0,0,0,676002,351577,4733107
1005,3,287702,0,0,9833,0,12835,0,0,0,834191,433849,5406768
1006,2,194025,0,30100,3780,0,59822,0,0,0,561095,291773,4584988
1007,2,222203,0,30100,5040,0,22120,0,0,0,639381,332482,4645387
1008,2,207188,0,0,25391,0,11088,0,0,0,662629,311144,4196121
1009,3,296626,0,0,2900,0,55566,0,0,0,860895,447737,5996876
1010,3,243179,21800,15300,13239,0,25597,0,0,0,766698,365314,5342956
1011,3,241433,0,30100,13613,0,12924,0,0,0,687868,357487,4969847
1012,3,230472,0,30100,16631,0,8636,0,0,0,663812,345237,4770989
1013,3,294395,0,0,5000,2780,39704,0,0,0,854219,444265,5824956
1014,2,216158,0,15300,12330,0,0,0,0,0,187391,0,3424103
1015,2,216158,0,0,13590,3600,309456,0,0,0,623667,324310,7772881
1016,2,231855,0,15300,4536,0,47978,0,0,0,669066,347918,4946876
1017,3,272085,0,0,11046,0,0,0,0,0,625389,300020,4714781
1018,2,216158,0,18100,2900,3600,56154,0,0,0,623667,324310,4822177
1019,2,231855,0,30100,0,0,163220,0,0,0,669066,347918,6452948
1020,2,231855,0,0,0,0,137492,0,0,0,669066,347918,5783012
1021,3,245410,0,30100,9073,0,80993,0,0,0,709091,368786,5818177
1022,3,236971,0,0,9833,2700,12684,0,0,0,682967,355200,4525655
1023,2,216158,0,0,7515,0,11878,0,0,0,623667,324310,4085845
1024,2,216158,0,30100,10063,0,33482,0,0,0,623667,324310,4736869
1025,3,294395,0,30100,11903,0,26260,0,0,0,854219,444265,6074304
1026,2,216158,0,15300,13319,0,113755,0,0,0,623667,324310,5561617
1027,3,278778,0,30100,3780,0,45065,0,0,0,807488,419961,5921561
1028,3,289933,49600,18100,8976,6560,39102,0,0,0,972382,437321,6845871
1029,2,216158,0,0,21540,0,0,0,0,0,623667,324310,4111609
1030,2,202118,0,0,9800,8970,5409,4332,0,0,583795,303577,3945968
1031,2,216158,14000,30100,6960,4420,5784,4246,0,0,664949,324310,4775679
1032,2,216158,0,30100,5000,9280,11954,6948,0,0,623667,324310,4712497
1033,2,189540,0,0,9800,5140,5073,4732,0,0,545379,283601,3739064
1034,2,216158,14000,15300,2900,4930,7712,6176,0,0,643389,324310,4780183
1035,2,216158,0,30100,5000,2930,5784,5018,0,0,623667,324310,4514101
1036,2,216158,0,0,12200,3140,5784,5404,0,0,623667,324310,4246453
1037,6,393957,20600,15300,13239,0,38654,0,0,0,1365285,679253,8422490
1038,2,237510,0,18100,6680,2500,0,0,0,0,553361,265326,4338179
1039,2,214208,0,30100,5040,3600,272799,0,0,0,618427,321586,7606961
1040,2,207188,0,30100,4031,0,0,0,0,0,0,0,3194172
1041,2,222203,0,0,19961,0,9910,0,0,0,639381,332482,4316719
1042,2,222203,0,30100,7266,2500,128044,0,0,0,639381,332482,5973187
1043,2,214208,0,30100,0,3940,51984,0,0,0,618427,321586,4851245
1044,3,225913,7800,30100,19341,0,70786,0,0,0,656422,334951,5575193
1045,2,214208,0,30100,0,880,55650,0,0,0,618427,321586,4858517
1046,2,214208,0,15300,16659,3600,63369,0,0,0,618427,321586,5006093
1047,2,229905,14000,30100,14949,3780,6645,0,0,0,704528,344892,4993184
1048,2,222203,21800,30100,0,0,43848,0,0,0,692675,332482,5191929
1049,2,222203,0,30100,7811,0,62474,0,0,0,639381,332482,5162887
1050,2,214208,21800,30100,2900,2500,112749,0,0,0,682710,321586,5955220
1051,3,278778,15600,18100,0,0,55013,0,0,0,853488,419961,6107241
1052,3,289933,21800,18100,5000,0,60824,0,0,0,905150,437321,6539239
1053,3,289933,21800,15300,23025,0,35066,0,0,0,905150,437321,6412843
1054,3,292164,29600,15300,4536,0,52437,0,0,0,934826,440793,6567395
1055,3,243179,0,0,15884,2500,4856,0,0,0,553361,265326,4365887
1056,2,208943,0,30100,3780,0,166871,0,0,0,603294,313717,6254995
1057,2,224153,29600,18100,8123,0,42720,0,0,0,732484,335508,5305744
1058,3,254043,0,30100,3780,2700,43054,0,0,0,714757,371678,5456379
1059,2,208943,0,0,15606,0,353648,0,0,0,603294,313717,8156251
1060,3,245410,29600,18100,7758,0,66106,0,0,0,779338,359873,5938911
1061,2,208943,0,30100,0,0,31761,0,0,0,603294,313717,4467535
1062,2,208943,0,0,11046,0,46600,0,0,0,603294,313717,4416955
1063,2,205433,0,30100,7811,2500,9165,0,0,0,593400,308571,4257891
1064,2,208943,0,0,6680,1980,116684,0,0,0,603294,313717,5229331
1065,2,216158,0,0,2900,0,77292,0,0,0,623667,324310,4815433
1066,3,263064,7800,15300,3780,0,5068,0,0,0,760166,383331,5073677
1067,2,208943,0,30100,0,0,56514,0,0,0,603294,313717,4764571
1068,2,224153,0,0,0,0,69520,0,0,0,645201,335508,4827561
1069,2,208943,14000,30100,5040,3600,93498,0,0,0,624854,313717,5521779
1070,2,208943,0,0,27750,0,0,0,0,0,603294,313717,4058203
1071,2,216158,15600,30100,0,0,0,0,0,0,646667,324310,4446993
1072,2,189540,0,0,11903,2360,25564,0,0,0,541570,281578,3848480
1073,2,182715,0,0,9406,0,0,0,0,0,520561,270655,3359768
1074,2,208943,0,0,8893,3600,52192,0,0,0,603294,313717,4501423
1075,2,208943,0,30100,3780,0,11035,0,0,0,603294,313717,4264183
1076,2,208943,0,30100,4536,0,68595,0,0,0,603294,313717,4963975
1077,2,195585,0,30100,5543,3700,30144,0,0,0,565751,294194,4322449
1078,2,182715,0,0,29970,0,9780,0,0,0,520561,270655,3723896
1079,2,208943,0,18100,8550,0,50550,0,0,0,603294,313717,4651603
1080,2,202118,21800,15300,22401,0,5841,0,0,0,648078,303577,4483615
1081,2,208943,0,0,19714,0,29973,0,0,0,603294,313717,4321447
1082,2,208943,0,30100,3780,2200,43170,0,0,0,603294,313717,4676203
1083,2,216158,0,30100,5543,0,59940,0,0,0,623667,324310,5000125
1084,2,208943,0,30100,3780,0,91187,0,0,0,603294,313717,5226007
1085,3,287702,15600,15300,25524,0,0,0,0,0,880192,433849,5880305
1086,2,208943,0,30100,11457,0,50328,0,0,0,623017,313717,4847546
1087,3,278778,37100,18100,5000,660,62673,0,0,0,916886,419961,6619439
1088,3,285471,14000,15300,14949,0,5500,0,0,0,868798,430377,5753047
1089,3,269854,0,15300,2900,14700,0,0,0,0,780205,405772,5207609
1090,2,208943,0,0,10560,4980,5592,5595,0,0,603294,313717,4311643
1091,2,195585,21800,30100,2900,4780,24075,3490,0,0,599323,294194,4847997
1092,2,189540,0,30100,2900,4460,6764,4732,0,0,541570,281578,3958028
1093,2,195585,0,30100,5000,11560,13611,4886,0,0,565751,294194,4270489
1094,2,208943,0,0,7400,4930,5592,4849,0,0,603294,313717,3998455
1095,2,195585,14000,30100,2900,11120,15007,4188,0,0,587311,294194,4706793
1096,2,182715,0,30100,9800,6390,12388,4238,0,0,520561,270655,4107488
1097,6,368793,33100,15300,8154,0,23030,0,0,0,1280657,623616,7863521
1098,3,260736,7800,30100,4536,0,42798,0,0,0,796223,391883,5726434
1099,2,207188,21800,30100,6680,0,22772,0,0,0,662629,311144,4765989
1100,2,222203,0,0,8976,14700,0,0,0,0,639381,332482,4242379
1101,2,212453,11200,30100,4031,2500,30320,0,0,0,646214,318861,4774379
1102,2,212453,7800,30100,0,0,51165,0,0,0,513064,220728,4669168
1103,2,228053,29600,18100,3780,0,79662,0,0,0,733720,341865,5756941
1104,2,205433,0,30100,0,3600,112024,0,0,0,593400,308571,5411667
1105,2,220253,0,30100,3780,0,39142,0,0,0,634143,329758,4800361
1106,2,212453,0,30100,5040,2200,51394,0,0,0,613188,318861,4852221
1107,2,228053,0,30100,0,0,61757,0,0,0,657425,341865,5166602
1108,2,212453,0,30100,9800,0,51165,0,0,0,613188,318861,4880193
1109,2,202118,0,30100,2900,0,99378,0,0,0,583795,303577,5192372
1110,2,208943,0,30100,12060,2820,2088,0,0,0,603294,313717,4290019
1111,2,208943,0,30100,25818,0,2088,0,0,0,644577,313717,4462558
1112,2,202118,0,30100,3780,0,30864,0,0,0,583795,303577,4380764
1113,2,202118,0,0,3780,2500,119000,0,0,0,583795,303577,5107196
1114,2,202118,0,30100,7811,0,0,0,0,0,583795,303577,4058768
1115,2,202118,0,0,11046,0,59931,0,0,0,583795,303577,4455560
1116,2,202118,0,30100,3780,0,35843,0,0,0,583795,303577,4440512
1117,2,202118,0,30100,3780,0,36636,0,0,0,583795,303577,4450028
1118,2,216158,0,0,2900,2500,117994,0,0,0,623667,324310,5333857
1119,2,202118,0,30100,3780,0,29712,0,0,0,583795,303577,4366940
1120,2,202118,0,30100,8488,0,7212,0,0,0,583795,303577,4153436
1121,2,198803,0,30100,0,0,3546,0,0,0,574482,298734,3948876
1122,2,202118,0,0,3780,0,109044,0,0,0,583795,303577,4957724
1123,1,174832,0,0,3780,0,33188,0,0,0,496926,258366,3548640
1124,2,189540,21800,30100,23297,2520,13729,0,0,0,578951,283601,4538704
1125,2,231855,0,30100,7400,1320,126812,0,0,0,669066,347918,6120692
1126,2,202118,0,30100,3780,0,56394,0,0,0,583795,303577,4687124
1127,3,260736,29600,15300,19169,0,10048,0,0,0,840783,391883,5668982
1128,3,260736,15600,18100,0,220,35168,0,0,0,799501,391883,5547192
1129,3,265392,29600,15300,5000,0,16569,0,0,0,854134,398827,5660081
1130,3,276547,23100,30100,8590,2500,77065,0,0,0,869219,416641,6732168
1131,3,228241,0,30100,11591,2500,26957,0,0,0,650663,338190,4910177
1132,2,202118,0,0,9800,3280,28485,4332,0,0,583795,303577,4248056
1133,2,202118,0,30100,0,8750,5409,5054,0,0,583795,303577,4475960
1134,2,202118,0,0,0,9100,11540,5054,0,0,583795,303577,3912164
1135,2,202118,0,30100,9800,4380,5409,3971,0,0,583795,303577,4504760
1136,2,202118,0,0,5000,6210,13343,5776,0,0,583795,303577,4061240
1137,2,202118,0,0,14600,9100,13704,5054,0,0,583795,303577,4113332
1138,2,202118,0,0,12200,6510,9376,6859,0,0,583795,303577,4023176
1139,2,202118,37100,30100,5000,7250,13704,4332,0,0,693193,303577,4936490
1140,2,202118,0,30100,5000,10940,10818,5054,0,0,583795,303577,4346780
1141,2,202118,0,30100,5000,4440,5409,6498,0,0,583795,303577,4501568
1142,2,189540,0,30100,5000,13700,10484,4056,0,0,545379,283601,4136468
1143,2,189540,0,0,15600,15240,7102,5408,0,0,545379,283601,3896588
1144,2,189540,0,30100,7400,13580,13189,3718,0,0,545379,283601,4192232
1145,2,189540,0,30100,5000,12680,12513,5746,0,0,545379,283601,4168856
1146,2,189540,0,0,7400,4060,6764,3718,0,0,545379,283601,3880724
1147,2,195585,15600,30100,9800,7260,6980,4886,0,0,611751,294194,4520405
1148,2,189540,14000,0,2900,2830,6764,3718,0,0,545379,283601,4000124
1149,2,186225,0,0,14600,9500,16281,4316,0,0,545379,239960,4061375
1150,1,174832,0,30100,9323,7130,7800,3744,0,0,496926,258366,4024476
1151,1,166894,0,0,9800,6650,7743,3874,0,0,438398,86245,3104499
1152,1,188650,29600,30100,20603,2030,23229,3370,0,0,628853,281578,4882959
1153,1,174832,21800,0,5000,5080,4680,3744,0,0,550220,258366,3673358
1154,1,174832,0,0,7400,4380,4680,4056,0,0,496926,258366,3452256
1155,1,174832,14000,30100,5000,6880,8424,4680,0,0,538208,258366,4217762
1156,1,174832,0,0,12200,5790,8112,4056,0,0,496926,258366,3709416
1157,1,174832,21800,30100,17000,5360,4680,4368,0,0,530498,258366,4169684
1158,6,405327,34600,15300,7400,0,32544,0,0,0,1447676,700658,8723878
1159,6,404209,52100,15300,9504,0,25242,0,0,0,1494296,698064,8925704
1160,2,228053,0,18100,3780,0,0,0,0,0,657425,341865,4326878
1161,3,263064,0,0,9225,0,4694,0,0,0,748062,388680,4839342
1162,2,228053,0,0,5000,2500,126922,0,0,0,657425,341865,5677382
1163,2,212453,0,30100,7056,0,112038,0,0,0,608258,316145,5570095
1164,2,205433,0,18100,11903,0,35330,0,0,0,589596,306475,4441075
1165,3,241433,7800,18100,3780,0,144572,0,0,0,710868,357487,6415459
1166,2,228053,0,30100,0,2500,55166,0,0,0,657425,341865,5117510
1167,3,232703,7800,18100,13613,3600,268618,0,0,0,686153,344677,8044878
1168,2,216158,0,0,13608,0,6016,0,0,0,239938,0,3380578
1169,2,205433,0,30100,3780,2500,114378,0,0,0,589596,306475,5466175
1170,3,263064,7800,15300,4031,0,22811,0,0,0,771062,388680,5305850
1171,2,212453,0,30100,0,2820,43818,0,0,0,613188,318861,4708269
1172,2,220253,11200,15300,9575,0,31986,0,0,0,667169,329758,4789983
1173,2,243360,0,0,13581,0,0,0,0,0,703696,365927,4503351
1174,2,198803,0,30100,3780,0,52768,0,0,0,571805,297259,4580748
1175,3,232703,0,30100,8550,2700,124560,0,0,0,663153,344677,6126274
1176,3,232703,0,18100,6800,4140,47082,0,0,0,663153,344677,5048818
1177,2,235755,0,30100,8590,0,69984,0,0,0,680707,353971,5507306
1178,2,228053,14000,30100,3780,0,46220,0,0,0,698708,341865,5254961
1179,2,203775,7800,15300,16631,2500,12944,0,0,0,188129,88816,3689013
1180,2,207188,21800,30100,3780,0,25208,0,0,0,613984,308892,4709524
1181,2,220253,0,15300,5040,0,0,0,0,0,521749,175354,3901379
1182,2,212453,0,30100,7056,0,13494,0,0,0,613188,318861,4395213
1183,2,243360,0,30100,5000,0,58532,0,0,0,703696,365927,5463963
1184,2,220253,0,30100,9833,3060,58474,0,0,0,634143,329758,5141701
1185,2,192465,0,30100,0,0,49994,0,0,0,552074,287039,4386961
1186,2,192465,0,0,15319,0,13943,0,0,0,552074,287039,3776977
1187,2,192465,0,0,3780,0,0,0,0,0,552074,287039,3471193
1188,2,192465,0,0,14859,0,74449,0,0,0,552074,287039,4497529
1189,2,192465,0,0,9963,0,43674,0,0,0,552074,287039,4069477
1190,2,192465,0,0,17988,0,22528,0,0,0,552074,287039,3912025
1191,2,192465,0,0,11903,0,37016,0,0,0,552074,287039,4012861
1192,2,192465,0,30100,3780,0,78563,0,0,0,552074,287039,4775149
1193,2,192465,0,0,16631,0,8585,0,0,0,552074,287039,3728425
1194,1,181888,0,30100,9833,0,0,0,0,0,209171,129664,3262599
1195,2,192465,0,0,8893,2200,119500,0,0,0,552074,287039,4992949
1196,2,192465,0,0,11297,0,3434,0,0,0,552074,287039,3602605
1197,2,192465,0,0,7560,2200,57894,0,0,0,552074,287039,4237681
1198,2,192465,0,0,20379,0,53227,0,0,0,552074,287039,4309105
1199,2,192465,0,0,8893,0,45327,0,0,0,552074,287039,4076473
1200,2,192465,0,30100,2900,0,85640,0,0,0,552074,287039,4849513
1201,2,192465,0,0,3780,0,7142,0,0,0,552074,287039,3556897
1202,2,192465,0,0,6680,2200,87083,0,0,0,552074,287039,4577389
1203,2,198803,0,30100,3780,0,10780,0,0,0,574482,298734,4081044
1204,2,192465,0,0,15714,0,17377,0,0,0,552074,287039,3822925
1205,2,205433,0,0,4536,2500,16862,0,0,0,593400,308571,3949755
1206,2,220253,7800,18100,3780,0,0,0,0,0,646155,329758,4303501
1207,3,249872,37100,15300,12646,0,48413,0,0,0,813095,365927,5952226
1208,1,155820,0,0,9833,2860,38528,0,0,0,447029,232423,3388320
1209,1,155820,0,30100,14873,0,50040,0,0,0,447029,232423,3913824
1210,1,155820,0,30100,13007,0,0,0,0,0,462807,232423,3306730
1211,2,175890,0,30100,4031,2200,84785,0,0,0,496926,258366,4572636
1212,2,192465,0,30100,5040,240,34340,0,0,0,552074,287039,4262473
1213,4,338246,0,30100,8550,0,9051,0,0,0,1051366,547094,6716892
1214,2,192465,0,0,3780,2500,3434,0,0,0,552074,287039,3542401
1215,2,192465,0,0,7400,4260,5151,5145,0,0,552074,287039,3956281
1216,1,162974,0,0,2900,4540,6107,3783,0,0,463953,241222,3310735
1217,2,179205,0,30100,5000,2230,4797,3200,0,0,509181,264738,3809247
1218,2,179205,0,0,12200,10120,13111,4800,0,0,509181,264738,3768819
1219,2,192465,14000,30100,5000,2860,10302,4116,0,0,552074,287039,4309273
1220,5,387090,12800,15300,7560,0,17265,0,0,0,1319761,667464,7843237
1221,5,384285,14000,15300,13113,0,30852,0,0,0,1312383,661781,8038292
1222,1,187180,0,0,23688,0,27124,0,0,0,535442,278392,3939270
1223,1,193060,0,0,11903,3600,161268,0,0,0,557327,289770,5607713
1224,1,198646,0,30100,7811,3600,90584,0,0,0,519331,283582,5057849
1225,1,187180,0,30100,0,0,22774,0,0,0,483741,264148,3898069
1226,1,187180,0,0,13319,0,143019,0,0,0,483741,264148,5139637
1227,1,168952,0,0,8123,0,16939,0,0,0,433126,236510,3241092
1228,2,237510,0,0,22225,0,11102,0,0,0,533752,308736,4434544
1229,1,185416,21800,30100,14856,2560,4962,2317,0,0,397273,221416,4168361
1230,1,171010,0,0,0,2910,6409,2745,0,0,324932,202954,3030354
1231,1,155820,0,0,20640,3710,4170,4448,0,0,298272,186302,3172538
1232,1,185416,0,30100,5000,5660,6947,5296,0,0,354488,221416,3811080
1233,1,185416,0,0,5000,4350,28711,5958,0,0,354488,221416,3703272
1234,1,185416,0,0,5000,5390,8601,4634,0,0,354488,221416,3351384
1235,1,155820,0,0,9800,4390,4170,3336,0,0,298272,186302,2911190
1236,1,185416,0,0,15319,0,49620,0,0,0,354488,221416,3847152
1237,1,185416,0,0,27621,0,14024,0,0,0,354488,221416,3567624
1238,1,185416,0,0,28525,0,18194,0,0,0,354488,221416,3628512
1239,1,185416,0,30100,11046,0,61392,0,0,0,354488,221416,4298340
1240,1,185416,0,30100,11903,0,49216,0,0,0,354488,221416,4162512
1241,1,185416,0,30100,3780,0,10188,0,0,0,354488,221416,3596700
1242,2,205433,14000,30100,19666,0,7624,0,0,0,419056,244583,4301487
1243,2,212453,0,0,11979,0,54955,0,0,0,403170,251823,4313565
1244,1,185416,0,0,13391,0,0,0,0,0,354488,221416,3228576
1245,1,185416,0,30100,0,0,19979,0,0,0,354488,221416,3668832
1246,1,150136,0,30100,4536,1000,83554,0,0,0,287841,179786,3915731
1247,1,150136,0,30100,12537,0,0,0,0,0,287841,179786,2997095
1248,1,185416,0,0,2900,0,31620,0,0,0,354488,221416,3482124
1249,1,203056,0,0,8550,0,36439,0,0,0,391580,244583,3905095
1250,1,185416,0,30100,5000,0,15546,0,0,0,354488,221416,3675636
1251,1,185416,0,0,7515,1900,35588,0,0,0,354488,221416,3607920
1252,1,185416,0,0,0,0,36582,0,0,0,354488,221416,3506868
1253,1,185416,0,0,9833,0,41940,0,0,0,354488,221416,3689160
1254,1,185416,0,30100,5040,0,44854,0,0,0,354488,221416,4027812
1255,1,185416,0,30100,3780,0,66354,0,0,0,354488,221416,4270692
1256,1,191590,0,0,16884,0,51270,0,0,0,368977,230465,3992250
1257,1,185416,0,30100,3780,0,65492,0,0,0,354488,221416,4260348
1258,1,185416,0,0,9865,3600,6616,0,0,0,354488,221416,3308856
1259,1,185416,0,0,3780,3600,169044,0,0,0,354488,221416,5270700
1260,1,185416,0,0,3780,0,48556,0,0,0,354488,221416,3695916
1261,1,185416,0,0,7056,2200,59608,0,0,0,354488,221416,3894252
1262,1,185416,0,30100,12951,3600,79392,0,0,0,354488,221416,4580400
1263,1,185416,0,30100,11538,0,11510,0,0,0,354488,221416,3705660
1264,1,209524,0,0,18824,2000,0,0,0,0,405102,253029,3724011
1265,7,401128,26800,15300,11903,0,0,0,74860,0,1483459,731831,9299190
1266,7,403585,12800,0,7400,0,0,0,74860,0,1449729,735766,8876623
1267,7,403585,12800,15300,7056,0,0,0,74860,0,1449729,735766,9056095
1268,5,381854,0,0,11046,0,23842,0,0,0,1263616,657884,7472268
1269,5,337161,29600,18100,11903,0,27072,0,0,0,1189008,573597,7376769
1270,5,385033,0,18100,11046,0,30915,0,0,0,1273908,663241,7832713
1271,5,396253,0,18100,3025,0,14140,0,0,0,1387451,683055,7819322
1272,1,194432,0,30100,3025,0,33158,0,0,0,89193,87571,3585316
1273,1,181888,0,30100,5040,3600,33626,0,0,0,83081,81570,3477611
1274,1,211386,0,30100,4536,0,29346,0,0,0,97026,95262,3801096
1275,1,188650,0,0,20730,3600,116322,0,0,0,86476,84904,4394660
1276,1,211386,14000,30100,2900,0,69103,0,0,0,103494,95262,4453176
1277,1,188650,0,0,11903,2200,95931,0,0,0,86476,84904,4027244
1278,1,236278,7800,15300,3780,0,10876,0,0,0,112447,106864,3859187
1279,1,220990,7800,18100,6800,0,68520,0,0,0,105157,99707,4400832
1280,1,240198,0,18100,0,0,77399,0,0,0,110971,108953,4594164
1281,1,220990,23100,30100,3780,2520,4258,0,0,0,112225,99707,3980388
1282,1,216580,0,30100,0,2200,122874,0,0,0,99516,97707,4970139
1283,1,181888,0,0,15884,0,312906,0,0,0,83081,81570,6554699
1284,1,181888,0,0,19408,0,1623,0,0,0,83081,81570,2861591
1285,1,211386,0,30100,3780,3600,11618,0,0,0,97026,95262,3622488
1286,1,233142,0,0,5040,0,0,0,0,0,107304,105353,3406565
1287,1,205898,0,30100,11853,0,45555,0,0,0,94490,92772,4004618
1288,1,211386,0,0,25151,0,29346,0,0,0,97026,95262,3687276
1289,1,220990,0,15300,3780,0,18055,0,0,0,101553,99707,3616976
1290,1,240198,29600,18100,3780,0,56311,0,0,0,124646,108953,4797967
1291,1,240198,29600,15300,12873,0,38656,0,0,0,124646,108953,4661623
1292,1,185416,0,18100,5000,0,13628,0,0,0,84847,83304,3100867
1293,1,231476,0,0,8976,0,19079,0,0,0,106488,104552,3658736
1294,1,190120,0,0,10580,0,13976,0,0,0,87835,71865,3009580
1295,1,198646,0,0,9833,0,56142,0,0,0,0,0,3461496
1296,1,204526,0,30100,7056,0,0,0,0,0,0,0,3194700
1297,1,179830,0,0,13163,1660,25995,0,0,0,0,0,2906724
1298,1,179830,0,0,16659,0,4812,0,0,0,0,0,2674560
1299,1,179830,0,0,13824,0,12832,0,0,0,0,0,2736780
1300,1,179830,0,0,3780,0,8662,0,0,0,0,0,2566212
1301,1,179830,0,0,8550,1500,0,0,0,0,0,0,2537508
1302,1,179830,0,0,12060,0,6995,0,0,0,0,0,2645568
1303,1,179830,0,0,7560,0,4812,0,0,0,0,0,2565372
1304,1,179830,0,0,21420,3600,52932,0,0,0,0,0,3352332
1305,1,179830,0,0,13239,0,0,0,0,0,0,0,2575776
1306,1,179830,0,0,8590,3600,6416,0,0,0,0,0,2640180
1307,1,179830,0,30100,3780,0,49724,0,0,0,0,0,3420156
1308,1,179830,0,0,27216,0,0,0,0,0,0,0,2743500
1309,1,179830,0,0,9833,0,8020,0,0,0,0,0,2631144
1310,1,179830,0,30100,3780,0,27728,0,0,0,0,0,3156204
1311,1,179830,0,0,10513,440,1604,0,0,0,0,0,2567592
1312,1,179830,0,0,5040,0,48261,0,0,0,0,0,3056520
1313,1,179830,0,30100,3780,660,29074,0,0,0,0,0,3180276
1314,1,179830,0,0,0,0,51469,0,0,0,0,0,3034536
1315,1,179830,0,0,19835,1500,0,0,0,0,0,0,2672928
1316,1,179830,0,30100,3780,0,24262,0,0,0,0,0,3114612
1317,1,204526,0,0,13069,3600,58400,0,0,0,0,0,3649656
1318,1,179830,0,0,28819,0,8020,0,0,0,0,0,2858976
1319,1,193060,0,30100,11591,0,15498,0,0,0,0,0,3280992
1320,1,224322,15600,15300,4536,220,10005,0,0,0,0,0,3585276
1321,1,217756,0,0,9833,0,7772,0,0,0,0,0,3137892
1322,1,179830,0,0,9956,880,1604,0,0,0,0,0,2566188
1323,1,179830,0,30100,3780,0,0,0,0,0,0,0,2823468
1324,1,179830,0,0,9575,0,3208,0,0,0,0,0,2570304
1325,1,179830,0,0,22424,0,3208,0,0,0,0,0,2724492
1326,1,179830,29600,30100,0,0,32282,0,0,0,0,0,3563316
1327,1,235592,14000,15300,17393,220,4204,0,0,0,0,0,3799920
1328,1,179830,0,30100,3780,0,24262,0,0,0,0,0,3114612
1329,1,161014,0,0,17922,0,8616,0,0,0,0,0,2482476
1330,1,179830,0,0,19326,0,10008,0,0,0,0,0,2768916
1331,1,179830,0,0,10020,0,8020,0,0,0,0,0,2633388
1332,1,179830,0,0,16462,0,9624,0,0,0,0,0,2729940
1333,1,179830,0,0,3025,0,30678,0,0,0,0,0,2821344
1334,1,179830,0,0,11046,0,0,0,0,0,0,0,2549460
1335,1,179830,0,0,20379,0,0,0,0,0,0,0,2661456
1336,1,151312,0,0,21282,0,0,0,0,0,0,0,2289012
1337,1,164836,0,0,37526,0,0,0,0,0,0,0,2665704
1338,1,179830,0,0,15762,0,0,0,0,0,0,0,2606052
1339,8,415233,21800,15300,5000,0,0,0,79515,0,0,0,7185996
1340,5,322856,0,0,7560,0,17280,0,0,0,0,0,4637256
1341,3,239008,0,0,18444,14000,0,0,0,0,398334,179090,4179008
1342,3,239008,0,0,9800,16980,20212,0,0,0,0,0,3997248
1343,3,239008,0,0,12200,14700,2388,0,0,0,398334,179090,4362224
1344,3,239008,0,0,5000,14700,21747,0,0,0,398334,179090,4508132
1345,3,239008,0,0,12200,14000,21747,0,0,0,398334,179090,4586132
1346,3,239008,0,0,7400,13300,16206,0,0,0,398334,179090,4453640
1347,3,239008,0,0,19400,1800,0,0,0,0,398334,179090,4044080
1348,3,239008,0,0,17000,16460,11172,0,0,0,0,0,3968928
1349,3,239008,0,0,9833,0,4606,0,0,0,398334,179090,3962948
1350,3,239008,0,0,5000,14000,0,0,0,0,398334,179090,4238768
1351,3,239008,0,0,14600,15760,15948,0,0,0,0,0,3989040
1352,3,239008,0,0,9800,14000,0,0,0,0,398334,179090,4296368
1353,3,239008,0,0,2900,1800,0,0,0,0,398334,179090,3846080
1354,3,239008,0,0,5000,14000,0,0,0,0,398334,179090,4238768
1355,3,239008,0,0,5000,14000,16206,0,0,0,0,0,3855816
1356,3,239008,0,0,0,0,78884,0,0,0,355504,92092,4606460
1357,3,239008,0,0,2900,15760,11172,0,0,0,0,0,3791328
1358,3,239008,0,0,2900,8000,0,0,0,0,398334,179090,3920480
1359,3,239008,0,0,75708,14000,0,0,0,0,398334,179090,4866176
1360,3,239008,0,0,2900,12600,6652,0,0,0,398334,179090,4276592
1361,3,239008,0,0,9800,0,22688,0,0,0,398334,179090,4179536
1362,3,239008,0,0,17136,1800,2132,0,0,0,0,0,3465072
1363,3,239008,0,0,14106,4070,0,0,0,0,398334,179090,4007792